name,Tissue_type,uid
"""BC-1""","""Haematopoietic and Lymphoid""","""97754823-29bb-4ce3-97ac-cbf81b865b3a"""
"""L-363""","""Haematopoietic and Lymphoid""","""0b42569d-884a-40ba-ad54-1651d735d90a"""
"""EoL-1-cell""","""Haematopoietic and Lymphoid""","""4c18cc66-44e4-47c2-8db4-8668d9c7732a"""
"""NCI-H727""","""Lung""","""65f182b0-49bd-40aa-b215-94f0a70f8871"""
"""MV-4-11""","""Haematopoietic and Lymphoid""","""e8710682-a524-4c6b-93f6-3dab29fcf08a"""
"""HSC-39""","""Stomach""","""08bb508c-7b45-47c1-911c-b92e5864835c"""
"""RPMI-8402""","""Haematopoietic and Lymphoid""","""cc870d55-cf30-4da8-9c52-4341e2e7b493"""
"""MDA-MB-453""","""Breast""","""d4d019f2-0702-43b8-8169-2444c72991b3"""
"""ES8""","""Bone""","""313a0bd4-31f0-4bdf-b2ab-cabfe3dadd4f"""
"""NKM-1""","""Haematopoietic and Lymphoid""","""65608f26-1cbe-40ef-9ad8-86dbed2db8c2"""
"""KURAMOCHI""","""Ovary""","""2c93e896-325b-4c83-ae23-2d2150367451"""
"""UACC-62""","""Skin""","""311bceb2-b532-4a5d-895f-1dcff3d66526"""
"""Ca9-22""","""Head and Neck""","""9ef4af6b-80d4-4ebc-a2af-16ef6965bb18"""
"""COLO-684""","""Endometrium""","""5af15bd1-b99f-4d79-b9d0-49ee1ece544d"""
"""SW13""","""Adrenal Gland""","""c7c1f796-7b82-4a58-b741-8b13da0400cd"""
"""SF539""","""Central Nervous System""","""3e7907b0-6580-4fac-b23b-f4de9d56e8ed"""
"""MDA-MB-175-VII""","""Breast""","""e7966657-200e-4cd0-9cd4-f1acea8d46a1"""
"""NCI-H524""","""Lung""","""6a8647e1-a030-4c2a-82a5-1d2ea8c5e6e1"""
"""BxPC-3""","""Pancreas""","""9218f5e5-3cf4-44d6-b5dc-632c1dd9e85d"""
"""NCI-H847""","""Lung""","""c80cbb0b-2867-4021-bf7e-5fe6128776ee"""
"""Hs-766T""","""Pancreas""","""296463ba-a098-4bd5-843f-7071ea7a5595"""
"""MSTO-211H""","""Lung""","""c22df074-1e9b-4ed4-ad8c-f431c2e04cc4"""
"""LC4-1""","""Haematopoietic and Lymphoid""","""965484f9-7d38-4b50-95bc-7a80bdd9cb82"""
"""PA-TU-8902""","""Pancreas""","""d508ebf0-7114-48b8-91b2-877c0904467b"""
"""VCaP""","""Prostate""","""1da90056-9c9d-4d35-a1fa-2008ed0ad9c6"""
"""DAN-G""","""Pancreas""","""92d5f257-1040-4e4a-ae3a-18922ddd3e6e"""
"""CAL-148""","""Breast""","""d11c8081-0d94-4e04-829b-51f043fb54c1"""
"""DB""","""Haematopoietic and Lymphoid""","""373bf089-33cc-4fc0-9129-f16085b9ff5f"""
"""TGW""","""Peripheral Nervous System""","""3d481dda-a56f-46fb-a09e-80bc2805e927"""
"""WSU-NHL""","""Haematopoietic and Lymphoid""","""534ad176-9999-49b1-8239-a4de034dd2ef"""
"""SK-MEL-2""","""Skin""","""699da61a-7efa-46b7-94d7-ec8822fd385d"""
"""COR-L279""","""Lung""","""792461ea-1f58-4313-a4f9-eee7d391b673"""
"""NCI-H1581""","""Lung""","""07d19bc9-91ae-4ff0-964f-a50eddba7611"""
"""LAMA-84""","""Haematopoietic and Lymphoid""","""87bb9cbe-52b5-4893-8734-871dce10929f"""
"""NCI-H3122""","""Lung""","""ce3ecff8-3976-4b12-a58c-1a5378671672"""
"""SK-PN-DW""","""Other tissue""","""f9180986-72ba-45e4-bbf8-2156b2bbb5f8"""
"""MDA-MB-468""","""Breast""","""8e35c48e-d5c4-40c8-af71-7358cea67ca2"""
"""RF-48""","""Haematopoietic and Lymphoid""","""ce6f799d-ffb9-447e-97cd-04a3ac1e2c52"""
"""NAMALWA""","""Haematopoietic and Lymphoid""","""4d2a9e0f-8aa7-448d-b5b9-9f593543513b"""
"""Caov-4""","""Ovary""","""97e0cd88-899e-4fee-891e-58ec68051b62"""
"""MS-1""","""Lung""","""8f2c13a0-e3c1-4f0c-9e0b-769aa14f33dd"""
"""OCI-AML2""","""Haematopoietic and Lymphoid""","""f06b07b2-6931-48f9-b69c-1191502dd980"""
"""WM-115""","""Skin""","""9b091221-ca85-48f3-aff1-63c15c3f1829"""
"""SW1271""","""Lung""","""a57a1635-6e9e-4ea4-b58d-06a9aeb795fa"""
"""LS-513""","""Large Intestine""","""88d2f0e7-ab54-43ba-b84b-954d52560090"""
"""Ca-Ski""","""Cervix""","""209b70b0-7a88-4a9f-8177-ccd54a932a71"""
"""HSC-2""","""Head and Neck""","""f19a9de7-faff-432f-a67a-fc8b18afeb00"""
"""RCC-JW""","""Kidney""","""c6b55dd6-dee0-4a81-ba82-73dcc522d06c"""
"""SNU-423""","""Liver""","""dd03d55d-dead-4c67-b2ae-9ecdb992a233"""
"""ZR-75-30""","""Breast""","""59c6897d-7c35-407b-8780-d87359aa343e"""
"""SLVL""","""Haematopoietic and Lymphoid""","""37169877-d1b2-4b1d-9fd5-86503057edc5"""
"""SUP-T1""","""Haematopoietic and Lymphoid""","""86ad8d91-5734-4589-9d7e-ec43adb35977"""
"""U-698-M""","""Haematopoietic and Lymphoid""","""e52150bf-aacb-4bad-b665-521af1320a86"""
"""RKN""","""Soft Tissue""","""76b305fa-d01d-48d9-9615-5f0592d8208e"""
"""WIL2-NS""","""Haematopoietic and Lymphoid""","""a295a692-fa83-4d67-befc-1127b190e580"""
"""HuCCT1""","""Biliary Tract""","""df9fe3b9-aaad-478b-944a-6400a9f79640"""
"""NCI-H28""","""Lung""","""4295b188-b921-4c3f-ada6-29c71d20bca8"""
"""NCI-H2087""","""Lung""","""4c7dd659-c820-46d5-834a-a51f46bb2d5c"""
"""ONS-76""","""Central Nervous System""","""f8b341c9-f299-4691-90fa-2ee26191d3a6"""
"""SW1783""","""Central Nervous System""","""4d0860de-57b0-4e3d-a2b7-a91cce9aca42"""
"""NB14""","""Peripheral Nervous System""","""d7084f52-405a-4723-b1c7-baf5dd7c91bc"""
"""NCI-H1435""","""Lung""","""ff2eca53-11ce-4a2b-b415-08e6bd57c313"""
"""SK-N-AS""","""Peripheral Nervous System""","""2cd82b67-452c-4fc3-a899-755f2fcde2a8"""
"""HAL-01""","""Haematopoietic and Lymphoid""","""81e4192e-7d79-4e3d-89ee-192893102ad0"""
"""KP-N-YN""","""Peripheral Nervous System""","""afc3e038-d82f-4194-91d7-709550f6cf3a"""
"""RMG-I""","""Ovary""","""5d6f17c9-0123-4aaa-8b25-d3456a54873e"""
"""NCI-H211""","""Lung""","""5e433e9c-d746-4790-ab39-05513c76626f"""
"""PANC-02-03""","""Pancreas""","""f09f8be4-1c25-464e-bf33-71d3d6ca65f6"""
"""SKG-IIIa""","""Cervix""","""1dceb096-a249-43e3-8152-537ffdd42def"""
"""OV-90""","""Ovary""","""174f81fa-6fc5-4b81-ab3e-9f2fb439e159"""
"""KNS-62""","""Lung""","""2bc06ee4-df75-4be6-9472-11144f7ee61d"""
"""SNU-449""","""Liver""","""8a8fc717-9ff3-413e-9356-47f594e8596d"""
"""SW1710""","""Bladder""","""0017da5b-05cd-4e49-b004-e2d388f118fd"""
"""KYSE-510""","""Esophagus""","""78ea6c8b-ddae-4aac-912a-0fbb9598d613"""
"""NB13""","""Peripheral Nervous System""","""332e22a5-dec8-4d13-af24-776c71ce0641"""
"""L-540""","""Haematopoietic and Lymphoid""","""1f9c1d58-9d7f-44e6-aee1-3f2fe0ec5a11"""
"""SNU-C2B""","""Large Intestine""","""60a4b47e-f830-4046-a93a-d32745e56876"""
"""HT-29""","""Large Intestine""","""23f70dfe-7925-4650-910c-05a69f3c2242"""
"""TGBC11TKB""","""Stomach""","""9d9d2f37-8d6e-4703-98bf-eb604fe922c0"""
"""A375""","""Skin""","""d3990c78-5b45-45c4-a9c5-a0ba6be62ecb"""
"""A549""","""Lung""","""f729f2a6-9b4c-419b-b326-5ae86d24405b"""
"""Raji""","""Haematopoietic and Lymphoid""","""2f8b9c79-a2b2-41b1-8e92-5f54e03ddac4"""
"""JVM-3""","""Haematopoietic and Lymphoid""","""01f2a98e-e544-4b41-ae8a-87760ef809af"""
"""BL-41""","""Haematopoietic and Lymphoid""","""71cba0f3-fe87-4711-868c-3e4df682fa63"""
"""WM1552C""","""Skin""","""8c32c004-b8d6-4e19-9d68-0ebb8bfd044a"""
"""VMRC-LCD""","""Lung""","""7f930423-7c55-4286-9fef-5786e0f38771"""
"""SK-N-SH""","""Peripheral Nervous System""","""01b79660-6ac0-4ea2-9c3f-e4ecb3972e0c"""
"""PANC-10-05""","""Pancreas""","""4e1c7b82-ce97-4e45-b581-fed40aedb5c7"""
"""SW872""","""Soft Tissue""","""071069b1-7d90-4396-bfc8-852451335ff9"""
"""NCI-H2009""","""Lung""","""a85a8fe8-533c-4f05-bf75-1844aa210863"""
"""KU812""","""Haematopoietic and Lymphoid""","""7ae70142-cde2-4f7e-8870-a7e03640c4f0"""
"""KP-4""","""Pancreas""","""fcb1d6d1-7b23-4b26-a2d6-a01b94cc61d2"""
"""MIA-PaCa-2""","""Pancreas""","""2b60f1e1-abf3-4286-a91e-1ccd1262eb98"""
"""PSN1""","""Pancreas""","""eb5d5874-6d7a-4091-b721-719f891cf062"""
"""OCUB-M""","""Breast""","""fb987b88-e491-4334-8713-0b557d71d082"""
"""NCI-H810""","""Lung""","""70e27e19-add6-4652-a1ea-d37d1c8a0ce9"""
"""YAPC""","""Pancreas""","""f4b6f15b-0324-4f66-9274-db95fb2cd2cb"""
"""NTERA-2-cl-D1""","""Testis""","""f56bfe0f-958c-410e-b98b-ab2a3a2fcd63"""
"""MKN28""","""Stomach""","""48bcfa72-de82-404d-b595-eb25719efc81"""
"""SK-CO-1""","""Large Intestine""","""99b895f2-3732-4526-a822-c54bbca22930"""
"""SK-MEL-1""","""Skin""","""b87b9eae-0c5d-473d-b2a5-a40d1da55d7b"""
"""NCI-H2023""","""Lung""","""e193d55d-6528-4933-809e-d08a04f3c9f9"""
"""SNU-16""","""Stomach""","""59320149-6499-4790-9f99-cfbde4825a93"""
"""MHH-ES-1""","""Bone""","""676d3bed-f35d-42a8-9751-adfe65ad01a3"""
"""T98G""","""Central Nervous System""","""4413d8fd-27f6-476f-90ea-faaa59373198"""
"""NCI-H526""","""Lung""","""b463b6d0-16aa-4b8a-b452-90fee1d00109"""
"""NCI-H226""","""Lung""","""99c59a6e-e6cd-4066-a9e1-87f30000f536"""
"""GAMG""","""Central Nervous System""","""55baf4fe-df51-471b-a543-cd0efa10f278"""
"""OVMIU""","""Ovary""","""ad4a90ba-ac1d-475a-b6a5-c09f2a2ed38d"""
"""SK-OV-3""","""Ovary""","""0534ea7e-e1c8-4d10-ba57-9476fd823d5e"""
"""SW982""","""Soft Tissue""","""069205cf-2b02-4bff-9492-2a22f750d86c"""
"""NCI-H82""","""Lung""","""4df2ae9f-9be8-41a7-995e-9088958477d1"""
"""TE-5""","""Esophagus""","""5f0eaec7-a941-4b5a-bc73-ad12cdf2ed53"""
"""SH-4""","""Skin""","""0fb32747-b097-4588-b300-eab91a9ece99"""
"""OC-314""","""Ovary""","""37a31307-9fad-417d-8a02-83c4d03dd81f"""
"""KYM-1""","""Soft Tissue""","""e76644c2-5d66-4790-a3f5-56d575c00161"""
"""SK-HEP-1""","""Liver""","""a306c50d-2ef2-4acf-b763-c9a4f8cceb88"""
"""RT-112""","""Bladder""","""41e6e974-d571-49d5-a262-1b29ae8cc0ef"""
"""UACC-812""","""Breast""","""c0a1412f-744b-4ccf-9a9d-f0a37ada6105"""
"""G-361""","""Skin""","""889effff-b62e-4154-87e4-8953588c4cea"""
"""SNU-387""","""Liver""","""73bcf96e-912d-4c7b-9353-b02d9617fcde"""
"""MN-60""","""Haematopoietic and Lymphoid""","""4b955636-7c5b-47e7-b871-7c647cd527cb"""
"""NCI-H1648""","""Lung""","""027ac37d-a715-46f2-a73d-7c48ef29ea92"""
"""EW-16""","""Bone""","""151a39e8-6640-47e3-a277-aea6152eedca"""
"""C32""","""Skin""","""01f1516b-efb8-4ca7-b65f-0ee1f6a23ed9"""
"""CAPAN-2""","""Pancreas""","""1fc0be40-ad7d-4727-b2ea-1d25b6ff0927"""
"""OVKATE""","""Ovary""","""88ad9cbd-edb6-495b-a15f-d8db2a51d7dd"""
"""BB65-RCC""","""Kidney""","""7e5a4045-3467-4d73-a22a-0e7ad7a735ef"""
"""OS-RC-2""","""Kidney""","""54144fe4-62f4-42b6-bd78-a3b6c6ea6708"""
"""RPMI-8866""","""Haematopoietic and Lymphoid""","""ff6628cc-4b90-4e21-b947-f2d3ad10aadd"""
"""BE-13""","""Haematopoietic and Lymphoid""","""683394c4-7bea-446e-b75d-2dec3d0b002a"""
"""SCC-4""","""Head and Neck""","""24a9687f-bd4b-43d0-afc6-16ab4c64de7f"""
"""MFM-223""","""Breast""","""6b208bfe-c928-45a3-a28c-d4c8e6734108"""
"""LU-139""","""Lung""","""71622721-e33b-4744-b4c1-645d55bce15c"""
"""KGN""","""Ovary""","""c34e9f9b-5ac2-4656-935c-cafd5e53d725"""
"""NCI-N87""","""Stomach""","""9d0a4348-1d2e-407d-aef6-a90037e7f8ec"""
"""KYSE-180""","""Esophagus""","""2356bd9d-3ede-4034-819b-9cfb5cefa3bd"""
"""CAS-1""","""Central Nervous System""","""d249b21c-8a63-4c0e-9dd4-cf7d6b1a03af"""
"""COLO-668""","""Lung""","""37077bbf-0a29-4ba8-8a20-280bd78b089e"""
"""NCI-H1915""","""Lung""","""4f7e4906-afe0-4a6a-b775-10633bb0de6c"""
"""TT""","""Thyroid""","""02b96344-ee77-455f-bb80-2aff54c16696"""
"""CCRF-CEM""","""Haematopoietic and Lymphoid""","""dd007319-4cff-4703-9c30-befc29f9f245"""
"""DEL""","""Haematopoietic and Lymphoid""","""85b9d15d-af28-4ae9-b514-27b156cbc6d7"""
"""639-V""","""Bladder""","""e6b1e8a1-1cde-4202-949b-c60797b12cd6"""
"""NUGC-3""","""Stomach""","""991a6adf-589e-4980-83c7-a19639ef137e"""
"""EN""","""Endometrium""","""24cf88c4-4b1e-461d-b40a-cbcd666f543a"""
"""HOP-62""","""Lung""","""151ef0a7-82dd-45e7-a395-4366813d1d23"""
"""ES4""","""Bone""","""d1c770a0-7fac-4fb1-ade2-d8c2a750f36b"""
"""COR-L105""","""Lung""","""63eb54d1-3d16-4f2f-b491-02483fd4d490"""
"""GB-1""","""Central Nervous System""","""c774e13f-54ee-4373-a43b-3e98c7a12292"""
"""LB996-RCC""","""Kidney""","""d6069861-c168-4d3e-8731-592fe6217d2a"""
"""OVCAR-5""","""Ovary""","""14cb56e2-fa6c-4029-9716-38bc1ac3c41f"""
"""SU8686""","""Pancreas""","""6129cf19-07c3-49df-a51c-a49bf44c0883"""
"""PANC-04-03""","""Pancreas""","""8fc0cf72-fd45-4024-8e02-aa01b1596216"""
"""SK-LU-1""","""Lung""","""b686ad68-6127-4f88-a20f-7a9ef305fe9b"""
"""SK-MEL-28""","""Skin""","""09179b00-6e07-47ad-89d9-0c5c92a813ae"""
"""RERF-GC-1B""","""Stomach""","""cd71f8b2-5cdb-4585-b869-d77bb0901e37"""
"""NCI-H2810""","""Lung""","""15798d32-cdea-4e57-81e4-a928f05e57f4"""
"""MZ1-PC""","""Pancreas""","""67b985c0-f819-442d-887d-f32c0716f126"""
"""HuP-T3""","""Pancreas""","""e724893f-2bc3-4095-a697-6e484be271ab"""
"""BT-483""","""Breast""","""bd504b4d-4770-4ff7-9c2a-d51ff0f07175"""
"""MC-IXC""","""Bone""","""34a8a8ad-4ace-4cd1-8fc6-efc7bafa54f1"""
"""KP-1N""","""Pancreas""","""9c08e609-663f-46bb-a7ca-a14441d0d67b"""
"""NCI-H1092""","""Lung""","""411378b6-7925-407e-8dfc-9dab6d59913e"""
"""EFO-27""","""Ovary""","""e1c6397f-a9ec-4763-8fdc-f3582ba64d1f"""
"""SUIT-2""","""Pancreas""","""1bd30e38-4aee-4a5a-be52-eaaea7483790"""
"""AGS""","""Stomach""","""01d99bde-0985-4805-abec-02bd31957833"""
"""KYSE-220""","""Esophagus""","""46e193f1-643d-4ad3-af54-92697bf785a1"""
"""LCLC-103H""","""Lung""","""3f1c2ee4-63ac-465e-b661-15bff013a262"""
"""SAS""","""Head and Neck""","""2b3daef6-2d9a-426c-a9c0-d55da830d318"""
"""SKN-3""","""Head and Neck""","""e47fab82-c65f-4e18-ae31-e944a614d84a"""
"""SK-MEL-24""","""Skin""","""fbe8f978-07bb-4c27-9029-314107459e78"""
"""COLO-680N""","""Esophagus""","""f0d13878-089c-49da-a6d3-e4cc1624cfb1"""
"""LOU-NH91""","""Lung""","""2ec8594f-60cc-4764-9703-35d3d7fd5028"""
"""GI-ME-N""","""Peripheral Nervous System""","""2af4b9dc-60d1-4d7f-89da-3bf07dfb53ec"""
"""SNG-M""","""Endometrium""","""f14655b8-5cb8-4ea4-b4e4-e170d2a499d8"""
"""NCI-H2085""","""Lung""","""30371a2a-8ed6-4d01-8b30-d236bdcc3bdc"""
"""SW1990""","""Pancreas""","""eab1d392-8e70-4ecd-a689-ac383661c54c"""
"""HPAC""","""Pancreas""","""d66fbe7f-218d-4640-b58a-47b3353b5b6f"""
"""BICR78""","""Head and Neck""","""7681761d-ddf6-41aa-866b-de5f73aa8bc0"""
"""BFTC-909""","""Kidney""","""84c27d6c-7ea6-4557-a5ee-dbb8e0b19da0"""
"""KP-2""","""Pancreas""","""db817aee-71eb-4223-a3b1-e0329cb4fe74"""
"""CAL-39""","""Vulva""","""9247272b-bf1a-4432-b702-d82a2cfbb843"""
"""ALL-PO""","""Haematopoietic and Lymphoid""","""5bfcd1fb-9949-4baf-bd21-b67e222e94c6"""
"""AsPC-1""","""Pancreas""","""db0d49a6-759e-450c-9bfc-b2937e80877e"""
"""CFPAC-1""","""Pancreas""","""b2be4aad-3f26-4083-90b4-2b8bff16f4a8"""
"""D-392MG""","""Central Nervous System""","""30dfedaf-df57-43d7-9832-ac2cd85c9042"""
"""NCI-H2803""","""Lung""","""c9f80d11-f858-488d-a1e5-11a282bad55b"""
"""LU-99A""","""Lung""","""de9107d5-b00f-4472-ab9e-ea49d86ff218"""
"""KM12""","""Large Intestine""","""ab2ea457-5126-42f7-bb50-6de1c08d4453"""
"""SJRH30""","""Soft Tissue""","""f10a40d6-51b8-465a-895c-2ceff9ecc6c0"""
"""A2058""","""Skin""","""079153d1-d3b1-402c-ac9c-418bdb072a1e"""
"""SNU-398""","""Liver""","""d31179b4-03a6-457f-b80a-a0c9c0fce932"""
"""COLO-829""","""Skin""","""11f252ed-87e9-467a-95ae-46970a89b769"""
"""CP50-MEL-B""","""Skin""","""86fc0a0d-23b1-497b-8599-75cc70b0bf32"""
"""FLO-1""","""Esophagus""","""3b530d35-d51c-4336-b209-73924b8c5018"""
"""RH-18""","""Soft Tissue""","""4d93ebb2-51e5-4cc7-ab2e-7ebd7a4aa665"""
"""BB30-HNC""","""Head and Neck""","""dc8c88c1-8e48-451f-bb70-e7c70d6deda7"""
"""KP-3""","""Pancreas""","""75dcd0ec-80a8-4eaa-9894-7cd8e862a18f"""
"""PL4""","""Pancreas""","""e6865102-03cb-4f3a-a60a-56e6fcd7cd37"""
"""JSC-1""","""Haematopoietic and Lymphoid""","""f0c2f6cf-0cb2-4740-94da-8812f20c12c4"""
"""TCCSUP""","""Bladder""","""92d4735f-2f13-4dd6-8e1a-ddc0e5091be3"""
"""EMC-BAC-2""","""Lung""","""b3e44a80-b714-48a2-9ed0-db72026c0897"""
"""JHH-6""","""Liver""","""c3fae504-bec8-4e6b-a325-9f084e5631fb"""
"""NCI-H3118""","""Head and Neck""","""7178af2f-cb50-4f83-86af-7855d7f20ee8"""
"""OVISE""","""Ovary""","""5d08d8c5-7bf2-4919-b04e-0e7ca45393ef"""
"""LN-405""","""Central Nervous System""","""ac113497-d41d-4a1b-9c38-0a8895356621"""
"""NCI-H1048""","""Lung""","""6595b797-4bfc-49b9-ab02-a619f3edd3c5"""
"""Hs-445""","""Haematopoietic and Lymphoid""","""20997119-b80c-4793-bf5a-6cc0a4c6496d"""
"""SK-ES-1""","""Bone""","""07d03928-8849-4980-8a67-1e7f65cb5710"""
"""MFE-296""","""Endometrium""","""7703c328-710b-4c07-94f3-47a1a68a0b65"""
"""PANC-03-27""","""Pancreas""","""d94fa412-50e5-42cb-8f85-5fab2f08fa3f"""
"""HC-1""","""Haematopoietic and Lymphoid""","""d7ac4683-e4bb-444c-8e23-f372a9a1a84d"""
"""EPLC-272H""","""Lung""","""79c7001a-c6f1-4c4a-9078-550a30598a66"""
"""ALL-SIL""","""Haematopoietic and Lymphoid""","""ddbb5c4c-c4ac-45a3-805a-23195bb95137"""
"""NOS-1""","""Bone""","""917308d1-da7c-4e4c-988b-15b62031abfc"""
"""CAL-120""","""Breast""","""dcdb506e-45e9-4e18-a06a-591b459a0366"""
"""HCC1187""","""Breast""","""7530f8f7-f5b0-451c-9a93-46b6adf502d3"""
"""HT55""","""Large Intestine""","""1c689c73-3f60-48e1-b7ff-986d3a7addea"""
"""HeLa""","""Cervix""","""0ce1bc74-bd77-4886-b656-5913c6b4aba5"""
"""NCI-H2141""","""Lung""","""aa8eabe4-7b23-4bd7-a8e3-ad0872293e47"""
"""ATN-1""","""Haematopoietic and Lymphoid""","""4f7c4016-6306-49b0-84d4-6990df6f43c4"""
"""CAPAN-1""","""Pancreas""","""01425ab1-589a-4a26-aa59-948b45273eb2"""
"""LS-411N""","""Large Intestine""","""6a92834b-e281-4905-b1de-88a6206af481"""
"""MS751""","""Cervix""","""b21399a8-b719-47bd-92bd-198c4c1d4887"""
"""HT-3""","""Cervix""","""237e1821-bf50-4fd2-a6c2-5c81fd30bd80"""
"""C3A""","""Liver""","""bfadc895-5cf1-47ef-bd47-928a7969067d"""
"""CAL-51""","""Breast""","""c0b31c9e-f95c-4b51-82bf-f014ebb56be0"""
"""OSC-20""","""Head and Neck""","""fca064fa-a04a-48e6-b491-642256c3fa4a"""
"""HuP-T4""","""Pancreas""","""7a368fae-59ad-47cf-9ec0-009b677ec30b"""
"""KY821""","""Haematopoietic and Lymphoid""","""fc27b5d2-ec79-42ab-a0ce-0f67a38d66d6"""
"""BALL-1""","""Haematopoietic and Lymphoid""","""27341972-7050-401f-8f02-46d6bac70e15"""
"""KMOE-2""","""Haematopoietic and Lymphoid""","""37fcfe53-9531-443d-9e6d-695ebe08f3a4"""
"""NB(TU)1-10""","""Peripheral Nervous System""","""5016e0ed-1126-4417-98d7-c6849f1415b8"""
"""DU-4475""","""Breast""","""67be9222-42aa-4e17-8aed-0c1d846ab082"""
"""42-MG-BA""","""Central Nervous System""","""70b1aa48-6f6c-4746-b183-6fa3d942af22"""
"""P32-ISH""","""Haematopoietic and Lymphoid""","""6118bfa9-e98c-4883-a6bb-dfdf056dcf1f"""
"""DMS-273""","""Lung""","""486539e2-a6ad-4e55-bc5b-78bb69d19a66"""
"""IMR-5""","""Peripheral Nervous System""","""ec19e683-41b4-417f-ab57-59ca3298b071"""
"""HuO-3N1""","""Bone""","""6d35e5dc-ec85-42a1-8f3b-56523cb36320"""
"""H9""","""Haematopoietic and Lymphoid""","""6a796313-5375-4535-8d14-65f51f00750c"""
"""JiyoyeP-2003""","""Haematopoietic and Lymphoid""","""5f5e4586-dfc8-431f-ad64-4b37ebc1a672"""
"""ASH-3""","""Thyroid""","""36f381a8-c0ba-4975-8ca5-906699225940"""
"""WM278""","""Skin""","""3b39f19b-f7bd-4964-b063-4320c740d47f"""
"""PANC-08-13""","""Pancreas""","""c0b010e1-4ec7-4211-afa1-983fd1314b1f"""
"""MOLT-13""","""Haematopoietic and Lymphoid""","""e1cf2abc-85c4-4f92-b5a2-20a73e6cc38e"""
"""CTV-1""","""Haematopoietic and Lymphoid""","""f50befe5-3566-4b8e-b43b-b53f4c8c3feb"""
"""COR-L23""","""Lung""","""4f378c1d-12f1-48a4-8497-33aa428f411c"""
"""HEC-1""","""Endometrium""","""4dff2bfc-cd4e-4780-ac56-f019e3ffe286"""
"""P30-OHK""","""Haematopoietic and Lymphoid""","""22de863e-397f-4862-88d0-66f6c8bc1ae7"""
"""JURL-MK1""","""Haematopoietic and Lymphoid""","""2ddf4b7e-95be-4b18-a5f3-7c05729df80f"""
"""Daudi""","""Haematopoietic and Lymphoid""","""3b7fc0df-2c12-4624-b908-2c3b3e70e2aa"""
"""PA-TU-8988T""","""Pancreas""","""0a2a1a46-a00d-438b-8699-c6621c3328d5"""
"""SiHa""","""Cervix""","""efc0c9e4-09b6-47de-a35b-de2238b4eac6"""
"""NCI-H2591""","""Lung""","""10ea12f7-bc7f-4f66-963b-eb26bf913548"""
"""COLO-678""","""Large Intestine""","""c7e20c5f-9bb7-478a-89ac-518e87ad8955"""
"""BE2-M17""","""Peripheral Nervous System""","""35a94de3-f697-406a-9888-1b472c97f37a"""
"""DiFi""","""Large Intestine""","""b24a0ada-9cc8-4587-bf07-45eaa45f25a7"""
"""TUR""","""Haematopoietic and Lymphoid""","""1e0e780e-02d5-4db2-b413-3c67aa211121"""
"""NCI-H2373""","""Lung""","""c4ce2e78-ca36-4b15-964f-dea63ab1c233"""
"""OACM5-1""","""Esophagus""","""e54e7d7a-17e4-4e07-a66e-744ba0badf8c"""
"""UMC-11""","""Lung""","""73ad3df9-4eb4-4972-ba57-a5be1a5d1ab2"""
"""SK-MG-1""","""Central Nervous System""","""cba6503e-edd0-4417-a674-17d1c2f68785"""
"""ESO26""","""Esophagus""","""ec946290-7d00-44a0-b5ed-e55226f8b89c"""
"""SISO""","""Cervix""","""9db20ec6-39d3-4197-9deb-1f3b4be9705e"""
"""ESO51""","""Esophagus""","""8a8a86e9-131d-41b4-a1d7-4a1b830ce96d"""
"""GP5d""","""Large Intestine""","""ddd128c9-8ff9-4d00-a3fa-e6abdb9f0e0b"""
"""Hey""","""Ovary""","""293550c9-3ed8-49fc-bb2b-5cfa040d0e25"""
"""LB771-HNC""","""Head and Neck""","""80d87437-bb65-44c5-9ebe-162a252e109a"""
"""NCI-H720""","""Lung""","""0a4a0312-3003-4c8c-92c0-3d52b2414768"""
"""8505C""","""Thyroid""","""f82ad2d7-1f4d-420d-a908-7a366eadfb4d"""
"""KE-37""","""Haematopoietic and Lymphoid""","""90e40578-00c0-45fa-980d-e46f48fa07df"""
"""OACp4C""","""Esophagus""","""be36daf6-396b-42aa-afa8-d15646a3e05c"""
"""C-4-I""","""Cervix""","""4684cab6-e803-4a62-af91-1a2db2b93aa7"""
"""23132-87""","""Stomach""","""f50ab79b-3d2f-4ef8-a1a2-0999bda8946a"""
"""RERF-LC-Sq1""","""Lung""","""795195b9-68b5-489e-a7f9-62bbeda0afb3"""
"""SCC90""","""Head and Neck""","""12f88aa6-fba1-4f0d-9d38-09c8e1630fbb"""
"""B-CPAP""","""Thyroid""","""e7a58a35-3a59-4472-8682-064591a6f5c3"""
"""NCI-H2722""","""Lung""","""7f41e47b-20cf-4a41-b038-63bd2e97ed93"""
"""SW756""","""Cervix""","""e2c4840e-b2ff-451c-a2fc-f285074af24b"""
"""NCI-H513""","""Lung""","""b3a581b4-d3d9-4a15-8b28-a308c524bf74"""
"""EW-13""","""Bone""","""21cca067-4844-4076-9761-f5cd3f0c987b"""
"""NEC8""","""Testis""","""45d1758a-9f98-4d8a-8c00-d653a0e68143"""
"""WM35""","""Skin""","""cd0baf65-294d-463a-a694-8a509c127738"""
"""SAT""","""Head and Neck""","""594ce73a-0404-44dd-8b98-0ba6f5b342f0"""
"""NCI-H2369""","""Lung""","""d4ad9cbd-5789-4fad-b034-027e5c4b0108"""
"""A253""","""Head and Neck""","""8e092fd6-71e1-4f95-afcf-c80130160aeb"""
"""CAL-33""","""Head and Neck""","""502bd078-0c59-4ff9-8c7d-450e4e32c71c"""
"""697""","""Haematopoietic and Lymphoid""","""4c4f5f77-453a-4793-afe8-82cec2b241cd"""
"""LC-1-sq""","""Lung""","""991cd487-8013-44f1-a957-18b8c1f4f694"""
"""EM-2""","""Haematopoietic and Lymphoid""","""cd247d1b-a741-4f72-a8cc-db4c6c5c9e1b"""
"""TYK-nu""","""Ovary""","""67c27a41-e36a-4752-9ddf-003b0e98a9f7"""
"""KYSE-50""","""Esophagus""","""e16c413c-3ec4-41b4-b5c2-fde09e1806ba"""
"""RH-1""","""Bone""","""31edc95a-6637-4c0d-b9ed-e76573b9db76"""
"""KCL-22""","""Haematopoietic and Lymphoid""","""a48a1dc5-4bec-4691-a7de-cf753670de5b"""
"""DBTRG-05MG""","""Central Nervous System""","""a997a189-3c26-4142-b573-4ae5a3a835f2"""
"""HuO9""","""Bone""","""28413683-77a2-413e-b27b-62ab48b7be70"""
"""TOV-112D""","""Ovary""","""4388d515-bde5-424a-8a15-ecff8d947e69"""
"""VA-ES-BJ""","""Soft Tissue""","""dfc0dc65-7768-478c-baa9-e0657057b09f"""
"""HT-1080""","""Soft Tissue""","""a1b51d0a-4657-421d-a930-2a96a53fe8bc"""
"""NCI-H2170""","""Lung""","""50cbd083-11fe-48d1-8565-ecd2f9f42ecf"""
"""T47D""","""Breast""","""f6eb7220-b558-4d75-be93-7f94384042d4"""
"""NH-12""","""Peripheral Nervous System""","""1e493009-17b7-4b62-983c-0746bc0933f8"""
"""MCF7""","""Breast""","""2877c120-ee49-4f78-85ca-0cfe2604e9ec"""
"""786-0""","""Kidney""","""d26f1be1-21ed-404f-99c7-5b93794ffba1"""
"""EJM""","""Haematopoietic and Lymphoid""","""ea568c7e-df2a-45b9-a3d1-d500a3970c9e"""
"""G-402""","""Soft Tissue""","""9394d21b-8210-46fc-984c-2648c9166464"""
"""KYSE-150""","""Esophagus""","""05a92eb6-c681-43a2-a272-a8e6d9e51940"""
"""TGBC24TKB""","""Biliary Tract""","""5fe889d3-5825-4bbd-a315-78d625912331"""
"""NCI-H1975""","""Lung""","""90c720ac-ed96-4723-9c4a-2f8a63fd6936"""
"""SUP-HD1""","""Haematopoietic and Lymphoid""","""c984ff65-8509-448c-9801-faba34ea154a"""
"""SUP-M2""","""Haematopoietic and Lymphoid""","""4b3d94eb-6271-4afc-970f-ebedd0053885"""
"""SNU-175""","""Large Intestine""","""0b49df4f-6c5a-4176-af4b-77952a338a97"""
"""KOPN-8""","""Haematopoietic and Lymphoid""","""c0d2c888-a9f2-41fd-808e-6107880f9e41"""
"""PF-382""","""Haematopoietic and Lymphoid""","""7d220c6d-51ee-4318-bedd-ed3d9f9610fe"""
"""RD""","""Soft Tissue""","""8eb8a23a-0bf5-4caa-9302-fff51658809f"""
"""CAL-78""","""Bone""","""dfd39e17-661d-4a65-b129-50149cd3ca25"""
"""RH-41""","""Soft Tissue""","""8b135897-467f-4441-8f68-a8d7afae2b85"""
"""NCI-H1155""","""Lung""","""1875c2dc-e308-4c0d-9247-a6d2621015fc"""
"""CA46""","""Haematopoietic and Lymphoid""","""7e1d794d-77d5-4572-a46e-e45efe1126e1"""
"""L-428""","""Haematopoietic and Lymphoid""","""bf2e90d6-6fed-4156-babd-e2f2aa34042b"""
"""NCI-H1573""","""Lung""","""71d8a4d7-5f2d-4788-b6db-88df33eac96a"""
"""huH-1""","""Liver""","""e03508d9-41a3-4b72-b4fe-3f89de045e12"""
"""8-MG-BA""","""Central Nervous System""","""75cd6c9b-d9fe-4b3c-a3e1-99b31ab31f2e"""
"""CADO-ES1""","""Bone""","""925512fc-6435-4091-a1ef-65c8600868b4"""
"""OE19""","""Esophagus""","""28eb11fd-8adc-4c96-ba3f-360ed257b3e7"""
"""HCC1806""","""Breast""","""bcfa0536-a5eb-42d9-a932-8025ba4ea27e"""
"""Daoy""","""Central Nervous System""","""932daf19-c872-4a8a-81b2-38474c6415e0"""
"""GOTO""","""Peripheral Nervous System""","""ed4c4539-e1a7-4b1f-b302-7a03752765eb"""
"""LU-135""","""Lung""","""8ea8da8c-5c8b-45aa-a96e-75dd56f5fd60"""
"""SIMA""","""Peripheral Nervous System""","""c3ed1e79-89b2-4856-9b0d-3a36df8bf76e"""
"""DMS-53""","""Lung""","""25b1a6dc-b42b-42c0-8910-2e126c036967"""
"""JVM-2""","""Haematopoietic and Lymphoid""","""ed154c18-b3ea-45e7-a467-b0f47357723e"""
"""GCT""","""Soft Tissue""","""c9a6d6f2-cac0-443e-8144-8c1288f5087e"""
"""CHSA8926""","""Bone""","""c709905f-a00c-4840-9a04-c287d5acf45a"""
"""NCI-H1650""","""Lung""","""4de56209-6581-4a1b-9908-fb6e62ec6b74"""
"""MFE-319""","""Endometrium""","""42bc7177-94f3-4298-908d-61a0db18e5a4"""
"""DG-75""","""Haematopoietic and Lymphoid""","""a8fc1cbb-da76-4dec-88ac-09e37eaedf4b"""
"""SNU-1""","""Stomach""","""be195d17-6bf2-4913-88fe-c95866aec096"""
"""NCI-H661""","""Lung""","""2637ab56-7a3f-4567-aa42-ce8de51353ae"""
"""UACC-257""","""Skin""","""18aa9966-708e-420b-9792-10f9efe883d7"""
"""TE-4""","""Esophagus""","""ca7ad83e-58c1-4757-9d43-dbf0e16a33c0"""
"""NCI-H446""","""Lung""","""ac36a681-a0f1-4ca8-b362-393e591a36d8"""
"""HCC-827""","""Lung""","""8080a48a-f881-4559-88be-fbc21efdd55f"""
"""BT-20""","""Breast""","""d16c81e3-6478-4659-9a1c-38f27f6e08e7"""
"""EW-18""","""Bone""","""e330fbf3-5a49-4bf6-8fe4-dde8f0c3053e"""
"""JIMT-1""","""Breast""","""d37834b0-d621-4d2c-a061-ad88de19bd61"""
"""MDST8""","""Large Intestine""","""8881ac29-cb69-4f72-b86a-d2a555a3c1e9"""
"""HTC-C3""","""Thyroid""","""c3f29e50-e0d9-4c87-98fe-64b6f93b5888"""
"""KYSE-410""","""Esophagus""","""99816460-f279-4f9b-956a-107ca47c5eeb"""
"""FU-OV-1""","""Ovary""","""01e7aad6-ebbd-4ee0-baf1-d44252853991"""
"""JJN-3""","""Haematopoietic and Lymphoid""","""cab463e6-1d2d-46c8-8acb-1c28102b7723"""
"""MOLP-8""","""Haematopoietic and Lymphoid""","""729d01ec-0fcf-4403-974f-4213894e0989"""
"""COLO-205""","""Large Intestine""","""c44674b9-051e-4691-9c92-9f15a8a21764"""
"""EVSA-T""","""Breast""","""a04f3f47-c490-46ca-9333-a42f268ad3f0"""
"""IM-95""","""Stomach""","""99827a5a-f974-40da-ad78-dcb61f13cd7b"""
"""AU565""","""Breast""","""4a376876-1358-428a-997d-65c77816c681"""
"""KARPAS-231""","""Haematopoietic and Lymphoid""","""aa60a526-8b0a-4e2c-8f75-88bed24c205f"""
"""Calu-6""","""Lung""","""4a8dbd82-f22b-4678-b48a-a57c899c356d"""
"""OE21""","""Esophagus""","""75ccdaef-2168-46e4-bdb6-214d2bca3274"""
"""IGR-1""","""Skin""","""a03db870-9341-4d34-8c24-e5a6a016a646"""
"""OVCA420""","""Ovary""","""2860ec27-ce0d-4af1-94e9-ceb44a710b50"""
"""SW626""","""Large Intestine""","""97a242df-f41a-4c5d-aa78-795f4e22ac17"""
"""NCI-H1688""","""Lung""","""5e5a394b-163e-4f02-a120-e37b13a8c9d6"""
"""JHH-1""","""Liver""","""84528da1-73f6-4c15-aec5-894fb7727cfe"""
"""A172""","""Central Nervous System""","""4706ac87-b00f-4244-bc50-6ea46a879afe"""
"""AM-38""","""Central Nervous System""","""410302f4-2b1a-4882-9f59-d47bf79b9580"""
"""RT4""","""Bladder""","""1f11eb7b-01aa-4cb7-96be-a78b197abeb7"""
"""NCI-H1341""","""Lung""","""037c1536-2805-4ef3-8da6-2ef133fa4ffb"""
"""J82""","""Bladder""","""7bc0dc7a-025d-46f8-931a-71aca2a69289"""
"""HGC-27""","""Stomach""","""1496a51d-3b2c-4dc3-88d3-f053a525b00a"""
"""PA-1""","""Ovary""","""d4b38571-d70d-40ef-a677-01fe379b79b1"""
"""NCI-H747""","""Large Intestine""","""4bfbcf4b-bfea-473b-8763-07540cc6f1f4"""
"""TALL-1""","""Haematopoietic and Lymphoid""","""190d7735-b6f2-43fc-9f1b-1f13e48da723"""
"""HL-60""","""Haematopoietic and Lymphoid""","""122000a4-2bba-4723-af77-54009aee7daf"""
"""HCE-4""","""Esophagus""","""742f4da7-99d3-468e-ab30-6e95028f8de0"""
"""NCI-H2347""","""Lung""","""347ae273-8850-41cc-a750-86a4c2d0ec1d"""
"""NCI-H2405""","""Lung""","""c48e5c17-74db-474d-8fcc-f6f5fbcb4694"""
"""HT-115""","""Large Intestine""","""6ec78b09-c54e-4d42-8b26-78673b5597a7"""
"""NCI-H322M""","""Lung""","""42457b72-df2c-4b00-89f1-583660bd8f72"""
"""KU-19-19""","""Bladder""","""3ac0d0f1-44ab-406a-9c3c-65e3c615f129"""
"""CL-11""","""Large Intestine""","""c8043a8a-a32b-419b-9621-83d80e2b3ec0"""
"""HDQ-P1""","""Breast""","""56faf39c-a4df-4011-a92f-bbf6d47eb2c5"""
"""A427""","""Lung""","""fd885dea-dfb7-4fce-94a1-82877047863a"""
"""GDM-1""","""Haematopoietic and Lymphoid""","""36096785-3a8b-42ad-a890-446981f3c7fb"""
"""GA-10""","""Haematopoietic and Lymphoid""","""90e536b5-5143-4714-b6a0-01887ff72014"""
"""MHH-PREB-1""","""Haematopoietic and Lymphoid""","""d11e1300-16d2-4c1a-a222-f98a590b3dac"""
"""KM-H2""","""Haematopoietic and Lymphoid""","""3bb47210-7358-4b37-a5d0-f8ffb9f6a9d5"""
"""MES-SA""","""Soft Tissue""","""0d473c7a-dedf-4829-b988-67ee4e648a2f"""
"""OCI-M1""","""Haematopoietic and Lymphoid""","""5defc2e2-6b37-4948-b60e-2b5e6ce79382"""
"""SU-DHL-8""","""Haematopoietic and Lymphoid""","""f4662767-f73a-4c69-9b5f-6956f21fe431"""
"""SKM-1""","""Haematopoietic and Lymphoid""","""699070a6-2843-4e4f-8d2d-703eba0cb2a8"""
"""OCI-AML5""","""Haematopoietic and Lymphoid""","""7c656990-e5a2-47fd-a24b-67b77e4fdbd3"""
"""NCI-H716""","""Large Intestine""","""d529cbf5-14a2-4875-875c-cfe5c82573a7"""
"""HuTu-80""","""Small Intestine""","""62f807d8-89fa-471a-8a12-d9f9d5ab93e6"""
"""SW1573""","""Lung""","""7b5658e0-4d65-4156-aa81-8e86c8060e94"""
"""NCI-H1781""","""Lung""","""28a051cf-4818-4a23-89aa-22a78e0afa66"""
"""RL95-2""","""Endometrium""","""7632d2cd-c810-4dfd-9d5c-30d1906054c0"""
"""NCI-H1944""","""Lung""","""8b5286a4-dfac-48af-8d96-9bca4e3c1e8d"""
"""EW-1""","""Bone""","""79f45211-8678-44c3-b766-a571f0457c59"""
"""OVCAR-4""","""Ovary""","""9c36e931-dbaa-4672-8113-fb0e10265c1a"""
"""FADU""","""Head and Neck""","""848de5b1-9910-43e8-92fd-aab161c44bdf"""
"""RPMI-7951""","""Skin""","""5cdd4b31-8499-4f2e-8989-a368734e523d"""
"""COLO-792""","""Skin""","""956f9723-b818-42c5-b3d5-25f918e9a2a0"""
"""BV-173""","""Haematopoietic and Lymphoid""","""22cd6f7d-6941-4d50-b402-d9ec3d3e5c30"""
"""NUGC-4""","""Stomach""","""92ee95b8-b540-4614-903f-913331d7ad9c"""
"""SK-MEL-5""","""Skin""","""5064b454-8562-4a51-931b-6b2a372709c4"""
"""KYSE-520""","""Esophagus""","""a8107f63-5c99-4c0d-a86e-4b5d21674daa"""
"""KLE""","""Endometrium""","""dc2c4cc2-122a-401e-a181-ea4ffa26d00e"""
"""C2BBe1""","""Large Intestine""","""691ed32d-d2e7-45ff-a7a4-c2bbcfde4573"""
"""NCI-H1563""","""Lung""","""f5a5e16e-d342-4de5-a868-73864d572568"""
"""SF268""","""Central Nervous System""","""dea99490-4816-44d1-ad1f-3230c57e4886"""
"""TE-6""","""Esophagus""","""09182ff2-e02e-4ced-8a86-a98df64aca74"""
"""CHP-212""","""Peripheral Nervous System""","""2342799a-92f6-4d89-b2a4-680b859ecce1"""
"""COLO-824""","""Breast""","""405f5783-59dd-46ea-85e9-e9901471ad29"""
"""ES-2""","""Ovary""","""946c6916-421a-4397-b03d-29a59f9317eb"""
"""HT-1197""","""Bladder""","""05838a7d-80f8-4642-ae38-51e1d2e0ffaa"""
"""HCC1954""","""Breast""","""b2e6f742-04d3-4cf7-a262-321fcbc73a67"""
"""TOV-21G""","""Ovary""","""23dd8126-f04b-45d1-850c-120de4e4e1e4"""
"""RPMI-8226""","""Haematopoietic and Lymphoid""","""a3ae6ffe-9609-490f-9892-54741b77c8f9"""
"""HCC2157""","""Breast""","""6411ca06-95e6-42ca-8689-219ecddf0613"""
"""EFM-192A""","""Breast""","""0c42a0aa-2efd-4bd7-82da-8cca3ebb6726"""
"""HEL""","""Haematopoietic and Lymphoid""","""d31cfd9c-857f-47d8-9988-f5011cee57c0"""
"""A498""","""Kidney""","""3362456f-2900-4f06-9b01-8613a4a5e9ea"""
"""NCI-H2052""","""Lung""","""0d7bd176-253e-4ca9-8211-81c901cf56b4"""
"""MEL-JUSO""","""Skin""","""0e6d9545-353d-403a-948f-dbfc907c8d62"""
"""NCI-H196""","""Lung""","""ac938cf1-caa5-406b-9b77-c4d70cb80876"""
"""DK-MG""","""Central Nervous System""","""f3e967f0-3b3e-490a-bc8a-6176b8995dd6"""
"""NCI-H23""","""Lung""","""2d86159c-3e83-4bdf-896e-cd1de0f72b9b"""
"""SU-DHL-10""","""Haematopoietic and Lymphoid""","""85926bf6-3002-4d5e-8a0d-dd0435293aa9"""
"""SUP-B8""","""Haematopoietic and Lymphoid""","""8c1e643d-4995-4c4c-ad4e-3191814ee054"""
"""JHH-4""","""Liver""","""3e37220b-a621-49f2-9b38-9a0de849b7e4"""
"""ABC-1""","""Lung""","""622e89d3-8a29-4e3e-817f-e2324e23ff44"""
"""KMS-12-BM""","""Haematopoietic and Lymphoid""","""21a64110-bfae-4353-bc93-6704d3d68174"""
"""Jurkat""","""Haematopoietic and Lymphoid""","""c75c6896-7f19-4e55-afa1-59b275d8c746"""
"""TT2609-C02""","""Thyroid""","""d71c9ea9-3490-449e-bbd6-3b6a1ffbf18e"""
"""TE-1""","""Esophagus""","""1d524a70-ece1-4e36-9434-91bc3c7b5c6a"""
"""HSC-4""","""Head and Neck""","""33f7c592-1c5f-4718-a512-54d5f67ad3aa"""
"""HCC2998""","""Large Intestine""","""7ebd6ee6-bb8e-4cfc-b91a-66785113e716"""
"""5637""","""Bladder""","""4b54c702-1f90-4e3f-a43d-b048c716ea91"""
"""LCLC-97TM1""","""Lung""","""3cf785a9-c78b-46b3-b6e2-eb11c09c4c4c"""
"""PC-3""","""Prostate""","""a6c58fa4-1133-4b35-a1c1-54466c16a676"""
"""TC-71""","""Bone""","""a44f770f-dc06-49be-86c0-62ef90acb0cc"""
"""D-423MG""","""Central Nervous System""","""9a1b6ac4-fd56-4f7e-868f-b9b50406165d"""
"""NB5""","""Peripheral Nervous System""","""c21352ff-fc2b-4d19-a6ea-1572bcc49fc0"""
"""SCC-15""","""Head and Neck""","""b5e96536-e135-4e99-97d0-5e7bba3dc503"""
"""SK-N-DZ""","""Peripheral Nervous System""","""fbf5c5e5-5beb-46a1-bd55-17eb8e48fb19"""
"""SNU-C5""","""Large Intestine""","""270f2216-56e3-42ae-856c-584b2b44d191"""
"""NCI-H650""","""Lung""","""56d7f4bb-fadd-4209-826f-4d07c8c83ce1"""
"""NCI-H2228""","""Lung""","""903d1dd3-1f05-4bbe-aaa0-addfd876c771"""
"""EC-GI-10""","""Esophagus""","""a9f261fc-4633-4ec4-8da4-1fdccb583ffb"""
"""NCI-H1876""","""Lung""","""a0ea2ff7-50e0-4ba5-9f5e-4297f586df72"""
"""HCC1143""","""Breast""","""c5ab6952-6956-410d-bd22-a0a37fbb00dc"""
"""FTC-133""","""Thyroid""","""88d296b1-95ab-44bf-8a52-3ec9bebc5e4f"""
"""MOLT-16""","""Haematopoietic and Lymphoid""","""12c305b1-7edc-49c8-8c81-28079bc0b5d0"""
"""SCC-3""","""Haematopoietic and Lymphoid""","""4b910aa4-334a-467a-a753-da9f3b093697"""
"""NCI-H1694""","""Lung""","""09f87d4b-03bb-4161-90ef-87de1b071122"""
"""RCC10RGB""","""Kidney""","""d3b242ea-7027-411a-b415-6bb6fe239890"""
"""RS4-11""","""Haematopoietic and Lymphoid""","""487f7246-3492-4537-9f9f-c949294de281"""
"""NCI-H209""","""Lung""","""ce88ed31-5d3d-487d-87c1-443b89a2ea5a"""
"""NCI-H292""","""Lung""","""a5562991-fbe6-435d-861f-b222292b3e22"""
"""U-118-MG""","""Central Nervous System""","""be1dbfb5-40f6-4e53-beea-33097dd70536"""
"""LN-18""","""Central Nervous System""","""95be3f84-9f81-47f4-ad30-d54d86d9f9ea"""
"""647-V""","""Bladder""","""13d0cd52-2052-4f33-a541-786a6d9314f8"""
"""SNU-407""","""Large Intestine""","""26e97cd2-f2e3-424a-ac17-bc2a7ad7705c"""
"""SNU-5""","""Stomach""","""b957e503-a7b0-4aa1-8c56-34e509184bbd"""
"""HT""","""Haematopoietic and Lymphoid""","""629cdff7-c2ed-4a81-9f0f-f73c218abd66"""
"""HOP-92""","""Lung""","""fd61c4f7-5aa9-4a0c-89be-1bf514f0ba29"""
"""KNS-81-FD""","""Central Nervous System""","""6cf1d58a-9890-463f-aca0-6833e5900221"""
"""NCI-H596""","""Lung""","""a2d0c90d-72c1-4efb-b3fd-7b5d571cb51d"""
"""KYSE-140""","""Esophagus""","""cafcc0d9-6e90-491f-bf82-77b2a4b93fc5"""
"""EKVX""","""Lung""","""958d421f-ca70-43f1-93a5-f90114231f15"""
"""BEN""","""Lung""","""9b7b4e33-3a61-4e55-be82-15a491cef5c7"""
"""JEKO-1""","""Haematopoietic and Lymphoid""","""d5973473-f371-438b-b30b-cedcd7ecf1a6"""
"""CTB-1""","""Haematopoietic and Lymphoid""","""9f7dddb0-e878-4c92-8344-0d0e3518201e"""
"""ChaGo-K-1""","""Lung""","""62df9c80-f78c-402c-b226-a29064484304"""
"""MOLM-13""","""Haematopoietic and Lymphoid""","""e6e95703-71d2-4eed-a55a-36b3606b674d"""
"""NB69""","""Peripheral Nervous System""","""46631d35-c5be-4399-8671-9fb03b204026"""
"""PWR-1E""","""Prostate""","""be5b033a-f76f-448d-b407-40f30a9bc14c"""
"""NCI-H520""","""Lung""","""3879df35-6a32-4535-8319-664f70c69f95"""
"""SUP-B15""","""Haematopoietic and Lymphoid""","""64e60f6d-10c1-40e5-a281-8867ca3c6884"""
"""OVCAR-8""","""Ovary""","""e09c3a26-911e-40f5-ba79-b15c3d5b0ed8"""
"""LNCaP-Clone-FGC""","""Prostate""","""ebc1dc43-819e-4662-b766-9ccf69d1a285"""
"""EBC-1""","""Lung""","""114c530e-c595-48b0-8a93-05636ef1b523"""
"""JEG-3""","""Placenta""","""693e8226-6632-4dc3-953f-2b75f1915f43"""
"""SBC-1""","""Lung""","""e75ae8d6-7d4e-46ae-bd2b-83ddd8f5801f"""
"""D-502MG""","""Central Nervous System""","""8dfa7201-ca09-491e-bf7f-2eec79431d51"""
"""OVTOKO""","""Ovary""","""29ad9f7d-7a23-4ccf-97c4-1ffc1247f9f9"""
"""HT-144""","""Skin""","""67efb141-5b58-4f21-a028-a988cf6290e8"""
"""CAL-29""","""Bladder""","""5342b7dc-afb7-4292-99ec-d7eb9dd4c411"""
"""NCI-H1623""","""Lung""","""fd72d7cc-c921-4db1-867b-1dc7746d48b0"""
"""BT-474""","""Breast""","""48b991c7-dcad-4b15-bbcd-b6c9ddd93078"""
"""RL""","""Haematopoietic and Lymphoid""","""ad124892-ae32-462d-a7a6-6d2752feae5f"""
"""NCI-H1793""","""Lung""","""80b58d43-b90b-41f9-b6fe-9b58fcae25cd"""
"""KMRC-20""","""Kidney""","""eeaa48cb-f63a-4db0-8b1f-33e8fc694d5c"""
"""CAL-27""","""Head and Neck""","""8bf9e0c4-381b-43ce-855c-2a34eb223281"""
"""KG-1""","""Haematopoietic and Lymphoid""","""a687868f-3882-4d0c-8099-3124285106ac"""
"""TK""","""Haematopoietic and Lymphoid""","""ba9e0536-50f9-42e2-b0b9-c2248846c822"""
"""BHT-101""","""Thyroid""","""e1f99714-3890-40bd-b01d-e976c16c7fa8"""
"""G-401""","""Other tissue""","""7f09a2cc-608b-45a5-a7d9-f90817eaf603"""
"""NCI-H2122""","""Lung""","""cfa79d45-27d2-4040-90d0-2853d353fb22"""
"""LXF-289""","""Lung""","""26283a9c-aecc-4d5d-bf58-8dbb3366016e"""
"""OSC-19""","""Head and Neck""","""62003c33-9cff-467d-93d8-8f12c75bcaf3"""
"""AN3-CA""","""Endometrium""","""2c993339-c0a1-4d5c-ad66-1283c2e4094b"""
"""SBC-5""","""Lung""","""b51c52ed-95d0-4009-a262-2c68bacc147b"""
"""MM1S""","""Haematopoietic and Lymphoid""","""bb891676-a86f-4449-af06-66c2b9a3e1cd"""
"""NCI-H1963""","""Lung""","""11a190c2-4384-4dfb-8b78-8ea231511dbc"""
"""KASUMI-1""","""Haematopoietic and Lymphoid""","""9712d659-d4e3-4230-816c-bb213a220d0b"""
"""HCC-15""","""Lung""","""55fa7024-30a5-493c-b900-815b43db641d"""
"""COR-L311""","""Lung""","""20d1d267-50d8-4b65-b984-3026ce79134c"""
"""WM793B""","""Skin""","""6899fe47-f78c-4c17-bab6-e236ed33fa93"""
"""A204""","""Soft Tissue""","""3bb38f27-1eac-4849-affa-1a658523df2d"""
"""OV-56""","""Ovary""","""2204cc9d-9112-43f0-9b93-9bae4727a646"""
"""NCI-H2030""","""Lung""","""2dfa0f4b-fcff-4c28-9d7f-a258319356d9"""
"""CAKI-1""","""Kidney""","""82154df6-0559-4e6b-80e6-6401293de86c"""
"""MC116""","""Haematopoietic and Lymphoid""","""97b01c6e-4071-42a3-b733-5d5ceab434dc"""
"""NB4""","""Haematopoietic and Lymphoid""","""768ee0a4-cc54-4d64-8621-4777392b5e84"""
"""SK-MES-1""","""Lung""","""8319c9d0-d0fa-4f03-885e-8dcd85ae89c6"""
"""JM1""","""Haematopoietic and Lymphoid""","""f8a46c0a-5ff0-466a-95f8-14cdfa3dcd9e"""
"""RCC-AB""","""Kidney""","""79886ddb-9b62-48c7-88bb-7fd856c0e922"""
"""SF295""","""Central Nervous System""","""20f5b238-adff-447d-a06d-1a3a0586627d"""
"""MY-M12""","""Haematopoietic and Lymphoid""","""c8cec4ac-6b77-4c98-bfba-077e36d7d708"""
"""KOSC-2""","""Head and Neck""","""9a1603e9-31aa-4a58-aba3-613f6304dc7e"""
"""SW156""","""Kidney""","""1695bb94-9a4a-4e72-840d-c01330382a5a"""
"""KMH-2""","""Thyroid""","""d5b9820e-3e91-4ed8-ac9a-227c153c7aec"""
"""KON""","""Head and Neck""","""7e5cdccc-2f56-4ee9-93d9-62830409bddd"""
"""NCI-H1838""","""Lung""","""34a0a52c-9923-4e8d-a064-e28243efb4b9"""
"""NCI-H1568""","""Lung""","""65508097-8a64-4446-b64d-81e0b6c880bc"""
"""RERF-LC-KJ""","""Lung""","""c7158517-5432-4e31-bb36-27144b0b29f9"""
"""NCI-H1770""","""Lung""","""3b10a6c2-adfa-4a72-a326-03375cdb7fdc"""
"""A704""","""Kidney""","""24846d7f-a4b8-4936-be0a-959fe03a492b"""
"""HCC1428""","""Breast""","""ebfb7fe0-69df-4a15-a427-585a4544a484"""
"""LB2241-RCC""","""Kidney""","""c5e3d06d-2484-401c-87cc-092676467aed"""
"""SK-MEL-30""","""Skin""","""d6defad2-a6ef-4db6-88b4-8a1c01aae965"""
"""OV-7""","""Ovary""","""468a6b76-87b4-46d3-b06b-e2dbbe2c2ca3"""
"""HCC1599""","""Breast""","""78764ddb-c05c-48a9-ac68-3287a0e62fb5"""
"""Farage""","""Haematopoietic and Lymphoid""","""3db4cc66-cf0a-4828-b6af-8ae263f4fea8"""
"""A3-KAW""","""Haematopoietic and Lymphoid""","""13c8e4a1-a17f-4799-aba8-f9d8dcc22cac"""
"""KARPAS-45""","""Haematopoietic and Lymphoid""","""d73b0d2f-fbfa-483a-bd6e-138d393b6060"""
"""IGROV-1""","""Ovary""","""8b6170c3-a15b-4439-a334-e62595460ab3"""
"""MDA-MB-361""","""Breast""","""6f2464f1-6419-4542-9c00-2ed30082114c"""
"""GRANTA-519""","""Haematopoietic and Lymphoid""","""3d645888-cc16-4a0c-ba77-334758b55488"""
"""U251""","""Central Nervous System""","""5f333493-a089-4c4e-a602-8a50a88756f2"""
"""HCC1937""","""Breast""","""f709398c-9919-43ba-a023-71f875d281e2"""
"""SW780""","""Bladder""","""56d027aa-fb98-4a08-afbe-5edd3885b118"""
"""LN-229""","""Central Nervous System""","""710f3e7f-c499-4629-afc7-0781810685fc"""
"""BICR22""","""Head and Neck""","""34ac86db-7579-4bc6-b85e-8dd6166e43ca"""
"""DJM-1""","""Skin""","""21b11de7-fc2d-4526-8acf-83ec83115852"""
"""LB1047-RCC""","""Kidney""","""5be8e9b7-23cf-492e-ab27-fb516248b586"""
"""P31-FUJ""","""Haematopoietic and Lymphoid""","""45ffe580-4f2a-4733-a520-c511b65000db"""
"""RCH-ACV""","""Haematopoietic and Lymphoid""","""27f402be-36ef-44ff-80e0-3ef0d25fda0a"""
"""HCC2218""","""Breast""","""fb674f4a-d1f3-40a3-ae0c-78c242157fa6"""
"""IM-9""","""Haematopoietic and Lymphoid""","""b08a8d84-fc37-48f0-b912-505a3d2ffb78"""
"""T24""","""Bladder""","""31425947-f897-46b5-b14f-9fa2e7848b44"""
"""HCC-366""","""Lung""","""cdbac356-7717-4c66-bff2-3d73520c277d"""
"""MEL-HO""","""Skin""","""1394069d-d2e4-4056-8039-1f6e7ff68855"""
"""IPC-298""","""Skin""","""a35f13b2-3406-4541-a43f-c6b8c875e5e6"""
"""KNS-42""","""Central Nervous System""","""00d337cf-921a-48ba-a380-e8742ee0aad9"""
"""HuH-7""","""Liver""","""939ea8c5-a785-4550-a7ef-d92f042f95c9"""
"""TE-10""","""Esophagus""","""5320058c-39f5-4738-8170-96265865c842"""
"""COLO-800""","""Skin""","""ef89de60-4906-4b9e-823f-d35b708f2ea1"""
"""NCI-H1693""","""Lung""","""459d0623-bf23-4c29-80a5-fca9b86fce89"""
"""JHOS-4""","""Ovary""","""ed5f488f-bedd-43d4-b111-e855e99530f1"""
"""JHOS-2""","""Ovary""","""26510e1d-d25c-416e-9dcc-34bdc174ecf9"""
"""PE-CA-PJ15""","""Head and Neck""","""af514d28-c09a-4213-af22-0ed40cad0092"""
"""H3255""","""Lung""","""13d4f9b7-b109-49ed-a5b1-49c1bcdc30cc"""
"""NCC010""","""Kidney""","""1534dc16-c1da-49bc-aaef-db6992de8aa8"""
"""Hs-939-T""","""Skin""","""7ec9e641-465c-4879-8156-300a7c59f89c"""
"""Hep3B2-1-7""","""Liver""","""e5d5e1db-8db5-4def-8446-fff6b48160c3"""
"""NB1""","""Peripheral Nervous System""","""223490f8-9efd-497b-ba43-5e9c8cc381b6"""
"""THP-1""","""Haematopoietic and Lymphoid""","""2e3d20d4-c4e5-4599-8ca5-9a709065a1d5"""
"""JHU-011""","""Head and Neck""","""df10baa7-505c-4462-98f1-565cbe0cc7f5"""
"""K2""","""Skin""","""d4e54762-b5be-46a1-abe8-7facd456ee45"""
"""HCC1419""","""Breast""","""7ac675cb-6dae-4534-a989-2c371b644e01"""
"""SCH""","""Stomach""","""b113ad33-d782-4a82-b481-2d478aba26b2"""
"""MMAc-SF""","""Skin""","""ca5253df-17c5-475d-a205-b5f98493ba53"""
"""NMC-G1""","""Central Nervous System""","""30ecc13a-77f3-4ac1-a0f2-9c2e1c5d9057"""
"""Hs-746T""","""Stomach""","""dc195c14-a934-4026-85f5-d82e8f79062e"""
"""NCI-H290""","""Lung""","""b4198ffd-9e73-4afc-8994-5a9f06321e21"""
"""HCC1569""","""Breast""","""1717989f-0762-41ca-b611-7ae9d9bafa1f"""
"""D-542MG""","""Central Nervous System""","""6a838456-8d41-4f11-87c9-a9b50770b4d0"""
"""SW962""","""Vulva""","""5785d2da-0bc4-4afa-aec5-34f772b1f868"""
"""HA7-RCC""","""Kidney""","""55b1b16e-635c-406b-a74d-cc9a09ef7c07"""
"""BHY""","""Head and Neck""","""50750374-47d7-4775-832a-80a8d1cfa880"""
"""JAR""","""Placenta""","""9685fbab-6745-4ad4-92cc-41b445af2187"""
"""451Lu""","""Skin""","""d99e1f04-613e-481b-a4b2-a2f68df057c2"""
"""KMS-11""","""Haematopoietic and Lymphoid""","""4a405cee-22a4-464d-a92e-a8be9096dc05"""
"""ML-1""","""Thyroid""","""4ffacee2-928f-4b01-91c6-f1080f44cf98"""
"""OV-17R""","""Ovary""","""cfb257a0-386c-4be3-9c5f-72de30007f0a"""
"""SNU-81""","""Large Intestine""","""d554980d-18f4-496a-b505-d31f8e5e9601"""
"""OAW-28""","""Ovary""","""f704943a-9834-407b-91a2-2a3954ba49a8"""
"""ES5""","""Bone""","""ef87bf4b-33f4-4108-80ed-702dc09c58c5"""
"""RERF-LC-MS""","""Lung""","""298d4e76-ad1a-4089-a361-54e8b38ae555"""
"""EW-24""","""Bone""","""dac718ad-479b-4211-a231-ec7465abef31"""
"""CW-2""","""Large Intestine""","""85596e72-0c9e-4018-9a44-e01d6ae32e5f"""
"""NCI-H2135""","""Lung""","""a959a5a1-6716-43da-bade-3f4f50e585ae"""
"""SU-DHL-1""","""Haematopoietic and Lymphoid""","""3e740ba1-300e-4e60-a17d-37b615b67685"""
"""CAL-12T""","""Lung""","""ad830ca5-3178-47e3-a564-18cede3c723e"""
"""PCI-15A""","""Head and Neck""","""51e1ee85-fae2-406f-b9bc-f18a45408c8c"""
"""OMC-1""","""Cervix""","""c6dabbbd-d409-4bca-b44a-4b5302d49ac3"""
"""YT""","""Haematopoietic and Lymphoid""","""f9e952a5-b2c0-4863-b282-4aab8391147c"""
"""NCI-H1436""","""Lung""","""6052319d-8743-4f65-9307-1606ce272624"""
"""CML-T1""","""Haematopoietic and Lymphoid""","""58d1bf97-40f6-459c-9e82-b238b1c4969f"""
"""D-247MG""","""Central Nervous System""","""feaf0f97-9354-44de-9141-21e9585bd08a"""
"""GR-ST""","""Haematopoietic and Lymphoid""","""dd42db00-f387-49b5-92ab-92fbea3ad360"""
"""MHH-NB-11""","""Peripheral Nervous System""","""250b18ba-3a0e-40f2-89c0-7714154ecbf3"""
"""RKO""","""Large Intestine""","""9cbed02a-2004-4da3-b4d7-81c2646aa1b2"""
"""LK-2""","""Lung""","""442201a4-9d29-48ce-98bd-0f1bac95af72"""
"""BC-3""","""Haematopoietic and Lymphoid""","""ec5a2897-b38e-427d-8e6e-5334bbc6069a"""
"""DSH1""","""Bladder""","""16de8b44-a69c-4ae6-b647-c563f62d89dd"""
"""Becker""","""Central Nervous System""","""10dc716e-2e69-4a26-9ddb-d018872c3adb"""
"""NCI-H2444""","""Lung""","""a85f2063-3de7-41df-bb74-93a57df54fbf"""
"""EW-11""","""Bone""","""7aa8b0ac-3aa4-4497-8752-a551fa3b2fc2"""
"""Calu-3""","""Lung""","""845e4bf2-7847-4875-bbd3-356028f6372b"""
"""22RV1""","""Prostate""","""d955a1fb-569e-45df-82b9-451758953ed4"""
"""SBC-3""","""Lung""","""d061af8c-e7cc-49d5-aca3-11f0792f4d8f"""
"""C-33-A""","""Cervix""","""0231b8f9-8c26-4719-a3d6-cce7764ea03a"""
"""LOUCY""","""Haematopoietic and Lymphoid""","""6cc244de-74be-4a41-8f4c-f07ece284f7c"""
"""LU-65""","""Lung""","""8178cad8-f2e3-4261-9d9c-929616a0c6eb"""
"""VAL""","""Haematopoietic and Lymphoid""","""3a278d59-77d7-4886-9486-11bae785d910"""
"""KALS-1""","""Central Nervous System""","""a0e395ca-d5d5-4194-8f0c-456ca82fccbb"""
"""QIMR-WIL""","""Haematopoietic and Lymphoid""","""34e2a37b-3e6a-4807-affd-391ce102f13b"""
"""SNU-61""","""Large Intestine""","""559f8e26-0e54-4bf8-b5c0-b5d8e0c43890"""
"""SR""","""Haematopoietic and Lymphoid""","""a3675ace-1070-46ae-bf74-ea8db2e2ad5b"""
"""A2780""","""Ovary""","""491743f5-8db0-4397-86b8-47b1d45326f4"""
"""A388""","""Skin""","""e758ad4a-4bfe-4acc-aa89-530137174ad0"""
"""SNB75""","""Central Nervous System""","""5540248a-00c7-4634-a3f1-86d73f4dcc10"""
"""SW1088""","""Central Nervous System""","""27901cf2-e6cc-4399-97b0-738154aede78"""
"""YKG-1""","""Central Nervous System""","""b1b2e92b-f3ad-4e52-a475-e6316c7ccc76"""
"""MZ2-MEL""","""Skin""","""13040401-a822-4bdd-8b45-95a642726a7c"""
"""NCI-H1437""","""Lung""","""ebc90d4b-3c67-4913-9355-983463cff4d9"""
"""MKN7""","""Stomach""","""6600afd4-0022-4fc6-9105-530f221a9b2d"""
"""G-MEL""","""Skin""","""d95b6111-af0c-4b01-9545-a7f2a1524d96"""
"""MEG-01""","""Haematopoietic and Lymphoid""","""15932ef6-165e-4ea1-bae9-a3f0e5cfd197"""
"""SW48""","""Large Intestine""","""ef161a58-fafa-411e-98b7-7be0334e634b"""
"""RCC-FG2""","""Kidney""","""aebcb5bf-d263-4a95-97f3-79fd6cf1e7e2"""
"""NALM-6""","""Haematopoietic and Lymphoid""","""b63ef7a8-f59c-46be-92b8-cc026705f3af"""
"""REH""","""Haematopoietic and Lymphoid""","""397fe2ff-a32c-4c69-bb98-d31117e7afee"""
"""MG-63""","""Bone""","""8a7f4506-1323-4b48-89ec-2f2bd140f466"""
"""M059J""","""Central Nervous System""","""760f735a-30f3-4836-befc-ccc06e4feae9"""
"""KS-1""","""Central Nervous System""","""f4d6ea0b-308a-4406-ba3b-16f321140e4b"""
"""EW-22""","""Bone""","""43cbce44-8d92-4364-9d87-d04047d84b13"""
"""LS1034""","""Large Intestine""","""0ab363d3-587e-4291-9cfb-f2b488e308d9"""
"""YMB-1-E""","""Breast""","""1ffbe163-8aaa-46b1-9438-7855229c1f78"""
"""UACC-893""","""Breast""","""1e616bed-1d8d-4192-80ed-9d3aa63f4079"""
"""KATOIII""","""Stomach""","""b3a7e82d-66b9-498b-8dbb-0664d30074cf"""
"""NCI-H2595""","""Lung""","""d1455bd2-1769-4c22-ae15-fae4677d7292"""
"""GAK""","""Skin""","""b494855c-3611-4d6e-b29e-5cec6084ba55"""
"""AMO-1""","""Haematopoietic and Lymphoid""","""8794a690-3d1a-4b18-ad36-2090b54a6965"""
"""NB17""","""Peripheral Nervous System""","""716fca4b-3371-4c38-8c78-3988b469e021"""
"""T-T""","""Esophagus""","""084e0593-3165-4401-b20f-dfcba42a6364"""
"""SK-GT-4""","""Esophagus""","""1ccbf26a-a634-45ac-9605-06a72271b5a8"""
"""HARA""","""Lung""","""e4ffa7f9-1d80-4f6e-a53f-81fd29f20be3"""
"""LU-134-A""","""Lung""","""4fd8ae90-16ad-4f7b-962d-68196a6fd24b"""
"""CAL-72""","""Bone""","""dd13ee9e-72e8-424f-8993-ea617c6396a7"""
"""TE-15""","""Esophagus""","""9f4af47a-1093-4bca-b642-eaaef514c5c6"""
"""PEO1""","""Ovary""","""ecc3e0ba-e437-4449-be4d-7e0208a11c79"""
"""NY""","""Bone""","""59124a65-58c1-495e-b1fe-467acba0fb20"""
"""Mewo""","""Skin""","""bd424604-9b71-4d0d-88c1-26827ad1eebf"""
"""MPP-89""","""Lung""","""2dcc1108-447e-4978-809c-56ecc66168ce"""
"""T84""","""Large Intestine""","""d62ae439-ac5e-4fac-bf62-d60ac37d79a7"""
"""EFO-21""","""Ovary""","""f51627a4-5359-4701-b6c5-404a7cf699fd"""
"""KELLY""","""Peripheral Nervous System""","""494488f8-0290-4397-9c50-08a2c3bf3ad1"""
"""DND-41""","""Haematopoietic and Lymphoid""","""adbd5567-fba0-4de0-bab3-7a2a2dd6a671"""
"""DOK""","""Head and Neck""","""d0bdb9ec-7005-40d5-bcc1-a0a4b6d0b733"""
"""CGTH-W-1""","""Thyroid""","""9e858719-a71a-49b7-bb3d-6680f7c86c91"""
"""MDA-MB-157""","""Breast""","""4c977880-7baa-4dc5-9827-ef8fb367fcf5"""
"""RPMI-6666""","""Haematopoietic and Lymphoid""","""5a88deae-df46-4f38-8046-ee8bfe091c1d"""
"""OE33""","""Esophagus""","""d4dbbc28-e48f-4198-9e6b-4b9add579ed5"""
"""Saos-2""","""Bone""","""59ab6848-d24d-4108-b3df-1d2aef1c2c0a"""
"""HCC-78""","""Lung""","""fe95cef1-d76e-43a6-b428-22ba866f9097"""
"""ME-1""","""Haematopoietic and Lymphoid""","""e340391d-8bec-4870-a5ac-35b742de2437"""
"""EB2""","""Haematopoietic and Lymphoid""","""607202c8-1a2f-4bb8-a5b3-e8cc357fa22d"""
"""CaR-1""","""Large Intestine""","""bfe77648-3c04-4f43-8355-bce73e68e393"""
"""EB-3""","""Haematopoietic and Lymphoid""","""c849c19b-b33b-4eb3-bb92-92cc83ad9435"""
"""769-P""","""Kidney""","""596fb975-d022-41c9-b300-c6a364a140e7"""
"""MOG-G-CCM""","""Central Nervous System""","""dfe67f4b-3dac-4bbd-853f-0656022c4fa9"""
"""LS-123""","""Large Intestine""","""01a07214-7672-469b-854c-0d28326bfcf8"""
"""A673""","""Bone""","""4212d749-cd9f-4e2f-9ffa-bfb788b58c60"""
"""CAL-54""","""Kidney""","""fe9ba7da-76ca-4165-9cec-e41eef08d9b9"""
"""NCCIT""","""Testis""","""07bda77d-89b4-4fda-b5e0-0ca9c21fa8cf"""
"""CAMA-1""","""Breast""","""122c0c24-baae-4c82-9162-2ff1ccc8d6b9"""
"""OCUM-1""","""Stomach""","""a7cfb40a-da26-4132-b702-7674fe9c08b5"""
"""Ramos-2G6-4C10""","""Haematopoietic and Lymphoid""","""137fb5c3-94eb-4d67-b5ac-8a7e8272dd23"""
"""NCI-H2029""","""Lung""","""32e98084-e02b-423f-99f9-acbc28febfba"""
"""ES7""","""Bone""","""f82cd8c5-c5b3-4444-bbc5-925f86f5cf13"""
"""NCI-H929""","""Haematopoietic and Lymphoid""","""5e6e32cc-77ba-45f5-a4c3-40b7616512cc"""
"""DOV13""","""Ovary""","""a178637d-7068-4dd0-a955-2074c02fd823"""
"""SNU-C1""","""Large Intestine""","""fd4d896a-c246-43fd-9ad5-d21d10479ab5"""
"""KYAE-1""","""Esophagus""","""7d0c1768-e338-468a-ad8d-c3b38d03bd5d"""
"""SJSA-1""","""Bone""","""d1a5ef91-50cd-419d-a6f4-cb31e2fe04c6"""
"""COLO-320-HSR""","""Large Intestine""","""af54780e-06cb-4b02-996a-71f6c3cbda4b"""
"""NCI-H1299""","""Lung""","""11e6bf9f-f372-4f3d-8dcd-f76c415b8a7e"""
"""LAN-6""","""Peripheral Nervous System""","""8f2fadb5-1c6d-4471-84b6-c7d913db9ceb"""
"""KINGS-1""","""Central Nervous System""","""ff9d15cc-b172-4f31-8147-42b6b182506b"""
"""KMRC-1""","""Kidney""","""ed11b5db-1974-4e7d-8e09-8466dca0a02b"""
"""Hs-578-T""","""Breast""","""9c83f173-a273-47a7-8835-1ff3a4b6d8eb"""
"""JHH-7""","""Liver""","""4c0307ef-a5a5-4893-a586-2b3fcee5c459"""
"""ACHN""","""Kidney""","""9c9ac78b-0c73-4ac9-8765-687043e32bd6"""
"""L-1236""","""Haematopoietic and Lymphoid""","""79c98206-236c-4637-bd24-cb21ad743905"""
"""NCI-H358""","""Lung""","""dba201bf-9bb7-4fde-b530-3188dbf9b135"""
"""OPM-2""","""Haematopoietic and Lymphoid""","""a865d857-0ec6-435a-966b-257cf0aa6355"""
"""SN12C""","""Kidney""","""6f7e721e-125b-49ec-afba-bad64399b3c5"""
"""MOLT-4""","""Haematopoietic and Lymphoid""","""05f36f8d-b386-445e-ae60-b801bdca4add"""
"""ME-180""","""Cervix""","""62cb0a0e-7fdf-4e5e-93f7-0e2350af4b5a"""
"""SW837""","""Large Intestine""","""0921d405-b977-4cb7-9317-68c91427bf61"""
"""TE-8""","""Esophagus""","""3cb0960a-b97e-4417-9cf4-d6bafa9a5465"""
"""LB831-BLC""","""Bladder""","""8afba2f4-123f-4503-b733-5de4395b30c0"""
"""ES6""","""Bone""","""5c4e0bfc-98a6-4ac2-8708-293c2c324521"""
"""HCC70""","""Breast""","""16b52eb1-6514-4dc5-af9f-143b48091b12"""
"""CHL-1""","""Skin""","""5dcfe0f1-8906-402e-ad4d-19c71de55337"""
"""COLO-679""","""Skin""","""bfa104b3-1a47-4e6f-b346-047cd4953951"""
"""KP-N-YS""","""Peripheral Nervous System""","""ae3a8f48-42a1-4c0d-b833-59e9192e6035"""
"""KARPAS-620""","""Haematopoietic and Lymphoid""","""90426300-c230-4de3-97d2-5cd0ee5c61b9"""
"""NB10""","""Peripheral Nervous System""","""29233fb3-b3ce-454e-9937-1167c6522b4e"""
"""SW684""","""Soft Tissue""","""11d25912-19bb-4361-8594-ab38e61d9bb8"""
"""NCI-H1666""","""Lung""","""1c52cca6-80be-48a6-b73d-7783dd935acb"""
"""HT-1376""","""Bladder""","""b478f5b3-9a90-4bd5-9c98-a735336d307f"""
"""HMV-II""","""Skin""","""cfedeb04-9564-4803-a89b-b301c3debd3d"""
"""MDA-MB-231""","""Breast""","""89b1c5fe-2090-449e-a513-768fa1b452e0"""
"""NCI-H2818""","""Lung""","""098acb36-c3ee-4ef1-8074-441287550aab"""
"""PC-3_[JPC-3]""","""Lung""","""42ebe61c-06f8-4719-a654-0037aa6e151f"""
"""QGP-1""","""Pancreas""","""0c0e68b2-e6e2-429e-a070-737d71eeaf61"""
"""YH-13""","""Central Nervous System""","""76fe0d15-a0b0-49a0-b0b6-e0589ceed0ca"""
"""201T""","""Lung""","""e59536b9-214c-4f4d-92e3-bb7da9d71a93"""
"""CAL-62""","""Thyroid""","""989de6f3-7ffd-4f99-a571-12e4108349dc"""
"""VMRC-RCZ""","""Kidney""","""80acf6e6-cf68-4e0f-a8db-e5921f8e5583"""
"""WSU-DLCL2""","""Haematopoietic and Lymphoid""","""cdab1ef4-b83c-4e41-b69c-779083d4b9d7"""
"""MRK-nu-1""","""Breast""","""6ecf137e-fb6a-430a-8eb6-4a3632d74cb9"""
"""HOS""","""Bone""","""94787107-b5bb-4064-904a-43c0b50a74b7"""
"""NOMO-1""","""Haematopoietic and Lymphoid""","""740ddad8-6dc8-40eb-8f44-9faf64b70e72"""
"""IHH-4""","""Thyroid""","""e8a0230f-440d-4b8a-9c8d-4ee9db566e76"""
"""NCI-H748""","""Lung""","""1ee87776-0b52-4663-a2eb-2a2470913f2f"""
"""HCC-33""","""Lung""","""44094d7b-95aa-4de9-b79e-57a642a5a10e"""
"""CRO-AP2""","""Haematopoietic and Lymphoid""","""726ae8c2-a7d4-433f-b20c-eaabfea20a60"""
"""NCI-H1993""","""Lung""","""95819466-48eb-414a-b65c-4571653ff11c"""
"""GI-1""","""Central Nervous System""","""d2b343a3-2351-4e61-a9e1-8cfb6b2840c3"""
"""IGR-37""","""Skin""","""10ebd42c-d3bd-4931-aead-96bc995bd2a9"""
"""KYSE-450""","""Esophagus""","""ce21efa4-7087-4826-bc1c-047a91524234"""
"""KARPAS-299""","""Haematopoietic and Lymphoid""","""f43002d7-a78e-4604-9d55-82526be52a99"""
"""HCT-116""","""Large Intestine""","""4112c3e0-0bfe-4e9c-9964-d00ea8166a84"""
"""UM-UC-3""","""Bladder""","""1206cf6b-a122-47a2-9d4b-191261bf095f"""
"""NCI-H1755""","""Lung""","""5b8fe6a8-93f2-4910-9674-a720a53591fa"""
"""K5""","""Thyroid""","""0237b302-2e0a-419a-a649-8df21c7839db"""
"""GCIY""","""Stomach""","""7dc8385b-aff8-4236-a807-4c56aed37366"""
"""LS-180""","""Large Intestine""","""61340173-367e-4775-a6dc-883ea1284843"""
"""JHH-2""","""Liver""","""36575878-21b2-498d-b7ae-57560236e151"""
"""SCC-9""","""Head and Neck""","""aa745922-e673-4713-b5c6-caa19242a4b7"""
"""DMS-114""","""Lung""","""60150225-ed66-44fc-bc7c-b3d63bb50b12"""
"""CS1""","""Bone""","""b41c1116-b39f-467c-95b1-f9662696cc43"""
"""H4""","""Central Nervous System""","""0d3a3cd7-4ec0-415a-a3c7-0cd32a17d3d2"""
"""MDA-MB-436""","""Breast""","""9c07b73b-855c-4b71-a22a-c18ae02e0e50"""
"""NCI-H441""","""Lung""","""e3557da9-34b6-453c-a645-3084477558dc"""
"""HO-1-u-1""","""Head and Neck""","""dd441219-0e0a-4072-a681-2c912feee571"""
"""LOXIMVI""","""Skin""","""31e1dd2c-6103-4fe0-b170-c79f42d34ddd"""
"""SK-UT-1""","""Soft Tissue""","""34018c35-3c4e-41dc-a2a4-bfa9d323bf64"""
"""SK-N-FI""","""Peripheral Nervous System""","""d4482bd3-e8c4-4687-801a-d54ae0dc780b"""
"""MLMA""","""Haematopoietic and Lymphoid""","""6e4189dd-c99d-49a9-b13c-67f0f58001be"""
"""NCI-H522""","""Lung""","""c12ad12a-2d57-483c-a86c-90c3d69c313a"""
"""EW-7""","""Bone""","""21ef2539-1f2e-4ab3-96cd-de034be20e96"""
"""NCI-H146""","""Lung""","""5232cc3c-c109-4eda-a57b-baae0271cb64"""
"""EW-12""","""Bone""","""f9d17592-ad26-41ed-8fe3-68e7b09ee80e"""
"""JHU-022""","""Head and Neck""","""ab516774-cb39-4330-9f66-10547346793c"""
"""ES1""","""Bone""","""7ac8b3bd-2563-4fa3-abae-74bcdae888f7"""
"""NB7""","""Peripheral Nervous System""","""a647053b-ab58-4288-a49c-25ba3d2a5196"""
"""ESS-1""","""Soft Tissue""","""e9b14065-7ec8-4b29-b23a-0ba55a5a0c1f"""
"""NCI-H1703""","""Lung""","""dfdf741e-c199-4732-acff-3392bb0a5361"""
"""H-EMC-SS""","""Bone""","""df4e1079-af28-40e4-a33d-a72f0d1c5734"""
"""DoTc2-4510""","""Cervix""","""a55ec533-5995-4d27-8544-7216ffec6de0"""
"""SW1417""","""Large Intestine""","""db9e1d1d-cc7f-4e78-9df5-0c7cad627f30"""
"""MKN45""","""Stomach""","""5a956ae5-a4de-4c29-bf49-6642a7360c89"""
"""NCI-H1105""","""Lung""","""9ff86d62-61c0-4534-b963-b6e359fecce3"""
"""SU-DHL-6""","""Haematopoietic and Lymphoid""","""48cab58e-48d3-449f-95f9-e827759b95d7"""
"""TE-9""","""Esophagus""","""ad684837-0a6a-49e6-8f6b-af7be354dc42"""
"""MHH-CALL-4""","""Haematopoietic and Lymphoid""","""09c7f08b-d4e0-4da1-b3d1-234f14aa144b"""
"""NCI-H2452""","""Lung""","""d99a39eb-d71e-484d-9804-d1c2597878ca"""
"""NCI-H2342""","""Lung""","""d19a57fd-5ae2-442b-8c3a-0fb4e89baf24"""
"""MFE-280""","""Endometrium""","""3086caa3-4980-4292-b373-ae092d8145a1"""
"""SK-MM-2""","""Haematopoietic and Lymphoid""","""76fee6de-f218-4b05-a496-efc2daf7d7cb"""
"""Hs-633T""","""Soft Tissue""","""e2a0a2ca-d65a-4c96-988e-688e5c80a327"""
"""D-263MG""","""Central Nervous System""","""ad511b26-de4f-4feb-8b2d-f7fca75c8c18"""
"""DU-145""","""Prostate""","""bc2949c4-c736-447a-a71a-b4d1760e1386"""
"""NCI-H1792""","""Lung""","""de646895-31c3-4da1-96c9-3c3a8a2c424e"""
"""SK-LMS-1""","""Soft Tissue""","""7a920ad0-0547-4f3f-be9b-e3d2c296aeff"""
"""SKN""","""Soft Tissue""","""0458e38c-c1b7-4f75-b634-c5bb80b2af9f"""
"""BFTC-905""","""Bladder""","""65dfa380-2b41-4fca-be8d-89172b47d656"""
"""IST-MEL1""","""Skin""","""c809ce92-d471-41f2-9a25-659046128005"""
"""NCI-H2461""","""Lung""","""62fb5ec9-324e-4997-b8c9-e4b0f363c05b"""
"""HO-1-N-1""","""Head and Neck""","""741f7763-6926-4ca7-b2d3-ed4cb2e736e7"""
"""FU97""","""Stomach""","""478f2720-1069-48a6-a6f7-b47644c0a1fe"""
"""IST-MES1""","""Lung""","""93b3a5e6-4af4-4ce1-87e2-5030fb6fa7a5"""
"""D-283MED""","""Central Nervous System""","""af6f5f4c-6a45-4282-83cc-d24f5426d56f"""
"""KYSE-70""","""Esophagus""","""da0718fb-1b4e-45b8-8e05-cabf8a431e93"""
"""KARPAS-422""","""Haematopoietic and Lymphoid""","""ad364eb5-c61d-4eb3-a913-3eecbad87610"""
"""RO82-W-1""","""Thyroid""","""d7911be6-fc27-42c7-a71d-bd6ce76ef246"""
"""HDLM-2""","""Haematopoietic and Lymphoid""","""eea9ce66-b430-46df-8435-6b35ca04ddcd"""
"""NCI-H1651""","""Lung""","""bd836a3f-bdc1-40ae-b783-17e7d91b83a0"""
"""TE-441-T""","""Soft Tissue""","""3539a035-87f5-4592-8650-755a82b2da24"""
"""IA-LM""","""Lung""","""d0e2e3b9-10bb-47ee-b585-d1721caca41f"""
"""8305C""","""Thyroid""","""fcd23719-1bfb-410c-b148-88527ac8e59f"""
"""EFM-19""","""Breast""","""9ca1ca35-eba4-4d55-b46e-a52281e1d081"""
"""EW-3""","""Bone""","""89f7d0f9-a779-4b2a-8f81-2d6f1a62af9a"""
"""CHP-126""","""Peripheral Nervous System""","""64565d20-93ae-4cd4-bb28-9f9b4ee9c034"""
"""HCC38""","""Breast""","""b78ffe03-91c6-42a0-8ebc-e6605e311ff6"""
"""HCC1395""","""Breast""","""2b498932-8300-4f91-ab4b-d3ba8ac48f4b"""
"""NCI-H2731""","""Lung""","""f7798703-d8a7-487c-a02d-88aa4f71e3fd"""
"""SW1463""","""Large Intestine""","""6b0685d0-805a-4462-87c0-9f972bb4d60a"""
"""TGBC1TKB""","""Biliary Tract""","""fe1d13f1-b7ec-41a9-9a32-96f2da00e09d"""
"""NCI-H64""","""Lung""","""7dc37ff2-fbb8-4ee9-8a99-4315f71eb3aa"""
"""NCI-H2066""","""Lung""","""a0c59524-0206-45b2-b269-f058c6a82066"""
"""LU-165""","""Lung""","""e8004590-e3c5-4ffe-9e2c-174a8463e69c"""
"""SHP-77""","""Lung""","""306a2cda-2466-4098-a680-a9143e539624"""
"""Mo-T""","""Haematopoietic and Lymphoid""","""cd901664-775b-4cf0-a9f8-88faca658e25"""
"""G-292-Clone-A141B1""","""Bone""","""a3b1fabf-503b-40ef-9844-c1c3bef309de"""
"""COR-L88""","""Lung""","""91289a56-a067-4b39-a429-332831ec7f36"""
"""U-266""","""Haematopoietic and Lymphoid""","""9b2a8379-0163-4380-9501-d3f02d3aa2c1"""
"""LNZTA3WT4""","""Central Nervous System""","""dda54eac-3a59-4955-8dba-3b00b308593d"""
"""no-10""","""Central Nervous System""","""21fc4415-d4c9-45c9-8459-9727e06a5a9c"""
"""SW948""","""Large Intestine""","""2aa0df51-0241-4216-b476-586238aca3d0"""
"""PCI-30""","""Head and Neck""","""46d9bf91-76a9-4794-b75e-246fbfb2b920"""
"""MDA-MB-330""","""Breast""","""45398ea7-2a1d-4e83-bfe4-5f469375283b"""
"""ECC12""","""Stomach""","""0cbd7c23-50d6-4761-aa02-1670cc6aba3c"""
"""NK-92MI""","""Haematopoietic and Lymphoid""","""48c01851-117e-4348-a8c4-a0607c378dd8"""
"""NCI-H647""","""Lung""","""e7a347be-c099-412a-b5d7-e294dcf73232"""
"""HLE""","""Liver""","""89f17b80-6f9a-4be1-83cb-d6fce211c9b7"""
"""Caov-3""","""Ovary""","""57b963ec-fb06-45ad-b72d-d6a672386de9"""
"""ECC10""","""Stomach""","""40c3b80b-a8d8-49fa-83f8-0266068d443c"""
"""NCI-H69""","""Lung""","""248dd9bd-7775-44a0-80fd-eedfdcf00bb6"""
"""NCI-H2795""","""Lung""","""3551f25d-6fb6-4d4f-9fa3-579439e6ac22"""
"""BPH-1""","""Prostate""","""c3862fc7-4893-4e61-b8bc-34f64575fae3"""
"""HSC-3""","""Head and Neck""","""9d34cbbf-7f01-4459-bcdd-03b728454522"""
"""RVH-421""","""Skin""","""ddf8ccd8-3536-4a61-8a46-9c98eda00a5b"""
"""NB12""","""Peripheral Nervous System""","""ec71ec86-5411-4c66-965b-c1d4b4740a91"""
"""KARPAS-1106P""","""Haematopoietic and Lymphoid""","""818ad0df-4fe8-4119-98ec-1005533ee8c5"""
"""A431""","""Skin""","""421b7abd-fdb0-4381-b8cb-36f39a83f7d4"""
"""Detroit562""","""Head and Neck""","""5830a387-fcd3-4448-9ae2-5301d9a9b779"""
"""P12-ICHIKAWA""","""Haematopoietic and Lymphoid""","""9892a612-fc69-46fd-a238-aad130a97da4"""
"""DOHH-2""","""Haematopoietic and Lymphoid""","""45bffbb0-4ae3-4529-9b08-d6016c8c2ceb"""
"""D-245MG""","""Central Nervous System""","""bab5e754-835c-46cc-bf01-c4461f4501bd"""
"""SK-GT-2""","""Stomach""","""b2711e73-9fcc-4a15-a693-76f5ee6d60ca"""
"""ETK-1""","""Biliary Tract""","""9e7cc1c0-b63c-4f12-ba5e-357ceb8cc969"""
"""LP-1""","""Haematopoietic and Lymphoid""","""81df46f8-bbb5-49be-ad97-aa9f04abf9c4"""
"""BT-549""","""Breast""","""68bf4c1e-b685-4fac-ad1c-ffc6e6032303"""
"""PCI-6A""","""Head and Neck""","""384f7405-0142-4ac4-a3ec-a78fd5c67fb4"""
"""no-11""","""Central Nervous System""","""64dd0869-9121-4583-8514-e709c11c7cec"""
"""D-566MG""","""Central Nervous System""","""ea0663d0-a73c-4b93-aeec-afdb0402fe5b"""
"""RCC-JF""","""Kidney""","""270c433b-d790-4325-b865-b166154546b8"""
"""NCI-H2172""","""Lung""","""8f08fd0a-07f3-47b3-8d8a-8c7a0a7e6276"""
"""OCI-LY7""","""Haematopoietic and Lymphoid""","""96397dca-5a46-424b-a0ad-1bf991d9e9cf"""
"""MOLM-16""","""Haematopoietic and Lymphoid""","""bf74d875-2bbc-44d2-aa67-f097b0edbc51"""
"""CP66-MEL""","""Skin""","""27c5436a-0f5a-4884-8ae9-6c822e7e1ab5"""
"""U031""","""Kidney""","""dce61fba-78be-464d-8973-1751dea53aec"""
"""PCI-4B""","""Head and Neck""","""54cf3d3c-6d43-447f-8a7a-68188def5259"""
"""NCI-H2081""","""Lung""","""3e9f3164-0452-430a-bf08-30293d280bfc"""
"""PL-21""","""Haematopoietic and Lymphoid""","""c43e5a2f-ab73-40e5-b7d7-a554c1ba6b14"""
"""SU-DHL-4""","""Haematopoietic and Lymphoid""","""1b16aba3-6594-4655-a542-b027c760afc1"""
"""SF126""","""Central Nervous System""","""ffb6e028-fb41-47c5-97a6-90a9adc55abd"""
"""Hs-683""","""Central Nervous System""","""cef45e7d-88bd-4af9-9379-209797d8ccbc"""
"""SW954""","""Vulva""","""cc702bdd-5c68-4e4c-8cd2-7a826ce764cb"""
"""OVCA433""","""Ovary""","""25af16fb-41f2-4522-925b-ac0c7d098dfa"""
"""NCI-H508""","""Large Intestine""","""c0a5bc45-1a87-4df1-99dc-e77f20066af6"""
"""NCI-H2804""","""Lung""","""1c2d4e5e-9538-41db-906c-9a47aa6d8c72"""
"""OCI-LY-19""","""Haematopoietic and Lymphoid""","""195ad919-f7fb-47e1-b381-3887a5588713"""
"""JHU-029""","""Head and Neck""","""03aca17e-d63f-4195-9ead-5e7e560923ad"""
"""TMK-1""","""Stomach""","""3d83edba-9f5f-44ed-9dc3-fe58bacada38"""
"""K052""","""Haematopoietic and Lymphoid""","""488b59ad-f76a-448d-95bd-27c760189d2d"""
"""STS-0421""","""Stomach""","""7ace8670-6763-454a-8d41-3cdde8a8ed2a"""
"""NB6""","""Peripheral Nervous System""","""741be42f-faab-47ce-8937-3af7f89cfd73"""
"""EMC-BAC-1""","""Lung""","""b218ab66-7d41-4fff-a693-d0a3a74e806f"""
"""SU-DHL-16""","""Haematopoietic and Lymphoid""","""30a09577-870c-4f3f-9e62-6e999fc6db27"""
"""PC-14""","""Lung""","""0da3145a-e6e8-46f2-97de-dd04fafb1194"""
"""D-336MG""","""Central Nervous System""","""c9debb19-3dfe-485b-bf84-79a9d1b6c7bf"""
"""SIG-M5""","""Haematopoietic and Lymphoid""","""9820cfd8-4e9f-4a4b-98a5-7920e660ae56"""
"""NCI-H838""","""Lung""","""78dfd082-e81a-4b5a-bbbe-212370a19a5c"""
"""TE-11""","""Esophagus""","""28640d6a-1eaa-43e0-9315-abfb9637333c"""
"""U-2-OS""","""Bone""","""402a9405-ab1e-4c71-b30f-dbe5b4766eb3"""
"""LB373-MEL-D""","""Skin""","""0d3b6447-9f93-4044-9683-ce7ed6743a4b"""
"""CHSA0011""","""Bone""","""0ec8df72-2eaf-4b4d-8a8f-6ebb0bb0a58d"""
"""TE-12""","""Esophagus""","""52967db5-b663-4c6b-99c1-22adb3adb4ca"""
"""RXF393""","""Kidney""","""f48192d0-a3e2-424e-8475-2f8e89fe8057"""
"""LC-2-ad""","""Lung""","""20dc05ec-4001-4190-acdb-ed78ad0c8eae"""
"""OVCAR-3""","""Ovary""","""b8db31dd-be04-4ab4-91f1-5928f14d45de"""
"""RCC-ER""","""Kidney""","""f22f080c-61af-4203-bcb4-a874e697fff3"""
"""CHSA0108""","""Bone""","""8c256653-0012-440b-86ba-012061f6d7df"""
"""NU-DUL-1""","""Haematopoietic and Lymphoid""","""c316004d-d4c9-4dcb-85e1-3117134dde5b"""
"""NCI-H2110""","""Lung""","""36981337-e754-4964-b1df-ca22e2e51e7f"""
"""MONO-MAC-6""","""Haematopoietic and Lymphoid""","""c8bf52c5-1913-4619-b85b-6aa829d44f14"""
"""RCC-MF""","""Kidney""","""f4f3c6f3-c83b-4a67-800c-656d3cb4ef8f"""
"""NCI-H2869""","""Lung""","""568e3e56-f8d3-4898-9714-fea0631099d9"""
"""MFH-ino""","""Soft Tissue""","""7b84e19a-73ee-4f1e-9879-7b639645e864"""
"""HH""","""Haematopoietic and Lymphoid""","""33365ad7-8262-4805-9e7f-e2220c1fecd0"""
"""NCI-H460""","""Lung""","""361550d7-b4be-4b62-af51-eddad6f5737c"""
"""LB2518-MEL""","""Skin""","""e817046d-d01d-4291-967b-9e41c0e29ffd"""
"""SW620""","""Large Intestine""","""1c2984ba-17f2-4a32-a45e-c54b95cab657"""
"""PFSK-1""","""Other tissue""","""734eee44-86be-4b81-a98b-28375322830b"""
"""K-562""","""Haematopoietic and Lymphoid""","""e62548e1-a0d8-41a0-b1f0-d50501c33138"""
"""TK10""","""Kidney""","""b47cfd31-c955-4a3b-8372-ae8621f31249"""
"""ML-2""","""Haematopoietic and Lymphoid""","""44b3056b-a70f-434a-99f0-c2c98a5f41b3"""
"""HCT-15""","""Large Intestine""","""812a5996-fd93-45ae-b207-7fdc6b73ccac"""
"""LoVo""","""Large Intestine""","""dab09d82-6839-444e-ad3d-fd0efd86ea32"""
"""COLO-783""","""Skin""","""6a1e9d56-136e-400d-9cea-98a364539e30"""
"""CPC-N""","""Lung""","""73cdae76-63d7-473c-8134-e4f6df1047a7"""
"""HCC1500""","""Breast""","""01e28809-6671-493d-9b28-e78dc09300eb"""
"""JHOS-3""","""Ovary""","""352157f1-a768-4086-957f-08dba2e29bf3"""
"""CCK-81""","""Large Intestine""","""b1ddf6ea-5529-4bdc-b5da-18736a0dd9a2"""
"""MDA-MB-415""","""Breast""","""023ee100-1f47-4e44-90eb-515d87597769"""
"""MZ7-mel""","""Skin""","""e06e10be-a073-4e50-9a74-e210c0f5ad4b"""
"""NCC021""","""Kidney""","""67fc0e82-5f44-4443-b864-32aa6d120677"""
"""SK-MEL-3""","""Skin""","""3b333b23-d8f7-4845-936f-df6bf13a25d8"""
"""KYSE-270""","""Esophagus""","""08658044-989f-4767-9e7a-1aa78fc7fbc7"""
"""COR-L321""","""Lung""","""dc255b42-bf91-4f01-95eb-9afb8966c7ab"""
"""ROS-50""","""Haematopoietic and Lymphoid""","""a4ea8ef8-44e9-46fa-af90-b418dfa8105b"""
"""Hs-940-T""","""Skin""","""838a7da0-3221-4e39-8f6f-7ec5eb32540a"""
"""OVK-18""","""Ovary""","""c5b638e2-16bb-406c-bcd3-392d313b5e9d"""
"""NCI-H1355""","""Lung""","""87391d2f-deae-4654-aaf3-e3d591c91811"""
"""DMS-79""","""Lung""","""736d8155-93d5-4368-9af7-4122e0760af8"""
"""COR-L303""","""Lung""","""e17bd65a-0df9-43e1-8d2d-828a093b38d6"""
"""BICR31""","""Head and Neck""","""a9f0ff25-1c7f-42c7-a40a-05d5de351eb3"""
"""A4-Fuk""","""Haematopoietic and Lymphoid""","""67b2e623-a98f-40d9-be8a-40e4e1fbebb1"""
"""UWB1.289""","""Ovary""","""196335fa-9488-446b-aea9-56898db6ea29"""
"""NCI-H740""","""Lung""","""4cb861ce-f481-480d-a1ad-1b49efdc3b56"""
"""LB647-SCLC""","""Lung""","""0eaeeceb-2a5b-4154-ba33-3ea4624eea5d"""
"""NCI-H2291""","""Lung""","""4b4fc2b5-6ac6-403c-8399-947ebd6fb554"""
"""MOG-G-UVW""","""Central Nervous System""","""ef9e4872-ee26-447b-8e93-bb1f115d8629"""
"""NCI-H2227""","""Lung""","""329ea1f4-7ab8-464e-98b7-b21bbee62695"""
"""OAW-42""","""Ovary""","""044c6d23-1a4f-4ae7-823d-759913e5951c"""
"""IST-SL1""","""Lung""","""583383d7-fb23-418e-9f16-4efa589bd504"""
"""NCI-H1734""","""Lung""","""f6f8cd88-3aeb-4866-a2b2-1d03f5f0e383"""
"""SNU-283""","""Large Intestine""","""34143831-cac0-4590-b5d1-c8300a8c8aee"""
"""BONNA-12""","""Haematopoietic and Lymphoid""","""599c74cb-c6d5-427b-b0d9-afe49817fa4d"""
"""U-CH2""","""Other tissue""","""48d58553-57ed-439c-b576-d2e55a432248"""
"""NCI-H250""","""Lung""","""d2a68740-ca5f-47c8-9f78-cd79743991c0"""
"""NCI-H345""","""Lung""","""b4358605-f1c2-440c-bebd-47ea79ef9a66"""
"""RCM-1""","""Large Intestine""","""f914fd11-03d0-41b8-afc8-334bd592fcbe"""
"""SW1116""","""Large Intestine""","""c2bee54e-7db9-4004-a7c9-36ba5b085a33"""
"""COR-L95""","""Lung""","""4a3ab44f-825a-4064-ab7c-3d5407b464fe"""
"""COR-L32""","""Lung""","""3956ad40-6fd1-4aba-b90b-e27d92d65d3a"""
"""NCI-H510A""","""Lung""","""f9e9bb9c-b532-4fda-a528-dc3a14745124"""
"""NCI-H2171""","""Lung""","""b6e65d25-7e76-4f7b-8626-3240452747f7"""
"""KP-N-RT-BM-1""","""Peripheral Nervous System""","""18500565-284c-4c4d-bac6-5d77bec38e8d"""
"""NCI-H660""","""Prostate""","""05a314c8-e567-40ce-9481-525a5bbb8638"""
"""NCI-H1836""","""Lung""","""47182938-e01d-426f-b656-68c8e386416b"""
"""SNU-475""","""Liver""","""34fb76d4-788b-436f-a7c7-a6c8e4050eb0"""
"""VMRC-RCW""","""Kidney""","""60a44573-35dc-414e-8e7a-a2117ec4b29e"""
"""NCI-H1304""","""Lung""","""08812d46-4fe4-4a2e-878c-a481801dc428"""
"""SC-1""","""Haematopoietic and Lymphoid""","""3c0b5f8c-9b2c-4399-84e0-89157c410119"""
"""SCC-25""","""Head and Neck""","""0d616bc3-2ea5-4201-a706-7c757f247b32"""
"""VMRC-MELG""","""Skin""","""29509e77-7a8a-4662-b19d-abde3bd48f7a"""
"""IST-SL2""","""Lung""","""7a5c21f0-57e3-4b06-8d7a-4b412a721b37"""